barcode;sample;count.1;input.1;input.2;input.3;log_fold_change;p;-log10(p);masked_p (p = 1 if logFC < 0);-log10(masked_p);count.normalised (edgeR);input.normalised (edgeR);HLA;Origin;Peptide;Sequence
A17B226;BC372;24;93;55;80;0,253196235;0,929138758;0,031919423;0,929138758;0,031919423;0,002221839;0,001861769;A0201;B19;a57;NLLTTPKFT
A23B201;BC372;24;119;63;87;0,025415899;0,971027733;0,012768366;0,971027733;0,012768366;0,002221839;0,002179527;A0201;B19;a47;RLNELLAYV
A15B229;BC372;73;443;260;314;-0,295798563;0,929138758;0,031919423;1;0;0,006758095;0,008294951;A2402;B19;a76;FMYSDFHFI
A16B229;BC372;87;304;202;213;0,445209954;0,827129936;0,082426261;0,827129936;0,082426261;0,008054168;0,005914988;A2402;BKPyV;a77;AITEVECFL
A19B200;BC372;62;325;203;292;-0,227580779;0,929138758;0,031919423;1;0;0,005739752;0,006719979;A0101;CMV;v15;VTEHDTLLY
A22B200;BC372;42;307;185;212;-0,564827274;0,827129936;0,082426261;1;0;0,003888219;0,005751929;A0101;CMV;a44;SLYNTVATL
A18B200;BC372;20;221;128;172;-1,196843878;0,356134612;0,448385817;1;0;0,001851533;0,004247096;A0101;CMV;v9;YSEHPTFTSQY
A20B201;BC372;44;84;50;63;1,336990221;0,169828224;0,769990131;0,169828224;0,769990131;0,004073372;0,001608602;A0201;CMV;v13;NLVPMVATV
A10B228;BC372;201;543;452;533;0,544216511;0,722931599;0,140902792;0,722931599;0,140902792;0,018607906;0,012763159;A0201;CMV;a66;LLLIWFRPV
A10B227;BC372;167;484;366;457;0,511413611;0,776892782;0,109638913;0,776892782;0,109638913;0,0154603;0,010846884;A0201;CMV;a58;YLQQNWWTL
A22B201;BC372;41;215;138;167;-0,169208874;0,952783156;0,021005929;1;0;0,003795642;0,004268021;A0201;CMV;a46;FLYALALLL
A24B201;BC372;9;44;34;43;-0,267392176;0,952783156;0,021005929;1;0;0,00083319;0,001005571;A0201;CMV;a48;RMLGDVMAV
A14B228;BC372;72;308;144;205;0,334881411;0,929138758;0,031919423;0,929138758;0,031919423;0,006665518;0,005278262;A0301;CMV;a68;LLWTLVVLL
A11B225;BC372;466;990;626;838;1,099896493;0,238130758;0,623184505;0,238130758;0,623184505;0,043140716;0,020124407;A2402;CMV;a74;RLLGFADTV
A10B229;BC372;162;797;594;792;-0,27085639;0,929138758;0,031919423;1;0;0,014997416;0,018097201;A2402;CMV;a71;LLMGTLGIV
A14B229;BC372;74;383;282;345;-0,288135088;0,929138758;0,031919423;1;0;0,006850672;0,008367632;A2402;CMV;a75;SLFNTIAVL
A12B229;BC372;88;553;309;380;-0,309685928;0,929138758;0,031919423;1;0;0,008146745;0,010095527;A2402;CMV;a73;FLADAVVRL
A12B224;BC372;254;612;386;489;0,947415942;0,32518603;0,487868119;0,32518603;0,487868119;0,023514468;0,012191045;B0702;CMV;v14;TPRVTGGGAM
A14B230;BC372;26;221;154;207;-0,995612762;0,475386908;0,322952782;1;0;0,002406993;0,004803743;B0702;CMV;a82;ILKEPVHGV
A12B232;BC372;286;309;199;273;2,044919981;0,000980141;3,008711482;0,000980141;3,008711482;0,02647692;0,006412833;B0801;CMV;a93;SLFNTIATL
A10B232;BC372;289;461;350;438;1,367599454;0,077927802;1,108307575;0,077927802;1,108307575;0,02675465;0,010368191;B0801;CMV;a91;TLLYVLFEV
A17B231;BC372;134;294;225;238;0,980016945;0,32518603;0,487868119;0,32518603;0,487868119;0,01240527;0,006289969;B0801;CMV;a90;ILIEGIFFV
A16B231;BC372;123;293;208;231;0,912242174;0,349668296;0,456343743;0,349668296;0,456343743;0,011386927;0,00605013;B0801;CMV;v22;ELRRKMMYM
A15B232;BC372;37;291;199;229;-0,790263409;0,635666815;0,19677046;1;0;0,003425336;0,005927177;B0801;CMV;a96;LMWYELSKI
A16B233;BC372;29;89;63;94;0,401379555;0,926937503;0,032949547;0,926937503;0,032949547;0,002684723;0,002032363;B3501;CMV;a103;FLVDAIVRVA
A14B233;BC372;24;134;83;111;-0,273904761;0,929138758;0,031919423;1;0;0,002221839;0,002686055;B3501;CMV;v35;IPSINVHHY
A15B234;BC372;4;13;11;10;0,3876022;0,929138758;0,031919423;0,929138758;0,031919423;0,000370307;0,000284648;B4001;CMV;a110-unknown;IVIEAIHTV
A16B234;BC372;57;304;184;226;-0,145679969;0,96549306;0,015250844;1;0;0,005276869;0,005836545;B4001;CMV;a111;SLPITVYYA
A17B234;BC372;512;274;179;257;3,020954521;2,80989E-08;7,551311333;2,80989E-08;7,551311333;0,047399242;0,005835675;C0602;CMV;a112;YLANGGFLI
A10B235;BC372;577;751;498;636;1,784113809;0,005084253;2,293772845;0,005084253;2,293772845;0,053416724;0,015507071;C0702;CMV;a113;FLGAGALAV
A11B235;BC372;341;639;347;464;1,423026127;0,059499076;1,225489782;0,059499076;1,225489782;0,031568636;0,011767167;C0702;CMV;a114;MMLRDRWSL
A14B225;BC372;72;252;168;195;0,397140674;0,919387475;0,036501417;0,919387475;0,036501417;0,006665518;0,005060882;A0101;Covid-19;ss-a1-31;CTDDNALAYY
A12B235;BC372;90;352;219;277;0,262185383;0,929138758;0,031919423;0,929138758;0,031919423;0,008331898;0,006945695;A0101;Covid-19;ss-a1-4;FTSDYYQLY
A14B235;BC372;52;298;166;224;-0,217088965;0,93328041;0,02998785;1;0;0,004813986;0,005593468;A0101;Covid-19;ss-a1-85;TTDPSFLGRY
A15B235;BC372;76;360;215;286;0,000164957;0,979628474;0,0089386;0,979628474;0,0089386;0,007035825;0,007033275;A0201;Covid-19;ss-a2-13;RLQSLQTYV
A16B235;BC372;44;258;144;196;-0,256125075;0,929138758;0,031919423;1;0;0,004073372;0,004862615;A0201;Covid-19;ss-a2-57;LLLDRLNQL
A17B235;BC372;40;223;173;179;-0,367830929;0,929138758;0,031919423;1;0;0,003703066;0,004782497;A0201;Covid-19;ss-a2-95;ALWEIQQVV
A11B236;BC372;203;571;373;476;0,687207542;0,561423473;0,250709433;0,561423473;0,250709433;0,018793059;0,011669828;A0301;Covid-19;ss-a3-12;KTFPPTEPK
A10B236;BC372;43;217;172;191;-0,277853961;0,929138758;0,031919423;1;0;0,003980796;0,004830138;A0301;Covid-19;ss-a3-9;KCYGVSPTK
A12B236;BC372;125;327;221;284;0,755508307;0,497231041;0,303441767;0,497231041;0,303441767;0,011572081;0,0068533;A2402;Covid-19;ss-a24-31;QYIKWPWYI
A15B224;BC372;139;679;415;558;-0,071044267;0,979628474;0,0089386;1;0;0,012868154;0,013516466;B0702;Covid-19;ss-b7-6;IPRRNVATL
A14B236;BC372;50;284;189;211;-0,281653396;0,929138758;0,031919423;1;0;0,004628832;0,005627864;B0702;Covid-19;ss-b7-18;SPRWYFYYL
A11B228;BC372;258;570;372;512;0,99886527;0,32518603;0,487868119;0,32518603;0,487868119;0,023884774;0,011949469;A0201;EBV;a67;SLFNTVATL
A11B227;BC372;266;621;417;534;0,927776795;0,32518603;0,487868119;0,32518603;0,487868119;0,024625388;0,012943151;A0201;EBV;a59;ALMLRLLRI
A21B201;BC372;38;112;54;71;0,878480955;0,455815004;0,341211384;0,455815004;0,341211384;0,003517913;0,001907014;A0201;EBV;v16;YVLDHLIVV
A17B227;BC372;114;397;281;371;0,284143921;0,929138758;0,031919423;0,929138758;0,031919423;0,010553738;0,008667269;A0201;EBV;a65;YMLDLQPET
A25B201;BC372;38;160;107;113;0,169690375;0,929138758;0,031919423;0,929138758;0,031919423;0,003517913;0,003127583;A0201;EBV;a49;FLGDDPSPA
A12B226;BC372;80;301;234;284;0,121582484;0,933801785;0,0297453;0,933801785;0,0297453;0,007406132;0,0068098;A0201;EBV;a52;SITEVECFL
A16B226;BC372;103;632;411;515;-0,424640404;0,929138758;0,031919423;1;0;0,009535394;0,012799765;A0201;EBV;a56;NMLSTVLGV
A19B201;BC372;25;158;90;139;-0,446603212;0,929138758;0,031919423;1;0;0,002314416;0,003152965;A0201;EBV;v10;FLYALALLL
A18B201;BC372;27;174;116;132;-0,473623546;0,929138758;0,031919423;1;0;0,002499569;0,003472631;A0201;EBV;v6;GLCTLVAML
A25B200;BC372;77;528;348;456;-0,619497697;0,776892782;0,109638913;1;0;0,007128402;0,010953504;A0201;EBV;v5;CLGGLLTMV
A11B224;BC372;335;977;612;734;0,704136953;0,52938298;0,276230025;0,52938298;0,276230025;0,031013176;0,019033895;A0301;EBV;v25;RVRAYTYSK
A12B228;BC372;121;400;273;309;0,468714807;0,815874297;0,088376748;0,815874297;0,088376748;0,011201774;0,008094137;A0301;EBV;v18;RLRAEAQVK
A12B230;BC372;102;428;248;333;0,198650181;0,929138758;0,031919423;0,929138758;0,031919423;0,009442818;0,008225407;A2402;EBV;a81;ALHTALATV
A17B229;BC372;50;260;150;243;-0,202825622;0,933801785;0,0297453;1;0;0,004628832;0,005325609;A2402;EBV;a78;MLNIPSINV
A11B229;BC372;157;899;569;697;-0,288549897;0,929138758;0,031919423;1;0;0,014534533;0,017752793;A2402;EBV;a72;KLPQLCTEL
A16B228;BC372;34;233;155;186;-0,584789109;0,827129936;0,082426261;1;0;0,003147606;0,004722881;A2402;EBV;a69;GLADTVVAC
A15B228;BC372;22;244;170;213;-1,343570949;0,32518603;0,487868119;1;0;0,002036686;0,005175265;A2402;EBV;v7;TYGPVFMCL
A12B225;BC372;123;494;337;432;0,129416763;0,93328041;0,02998785;0,93328041;0,02998785;0,011386927;0,010410031;B0702;EBV;a89;RLNEVAKNL
A10B231;BC372;167;789;586;700;-0,153779026;0,952783156;0,021005929;1;0;0,0154603;0,017201633;B0702;EBV;a86;KLTPLCVTL
A16B230;BC372;36;264;158;191;-0,587054499;0,827129936;0,082426261;1;0;0,003332759;0,005006736;B0702;EBV;a84;FLTSVINRV
A15B230;BC372;27;226;156;178;-0,884777558;0,574318072;0,240847518;1;0;0,002499569;0,004619438;B0702;EBV;a83;LLMWEAVTV
A15B231;BC372;1017;314;210;267;3,853276906;2,15547E-13;12,66645746;2,15547E-13;12,66645746;0,094150448;0,006510945;B0801;EBV;v17;RAKFKQLL
A10B233;BC372;136;298;258;281;0,845000855;0,407533362;0,389836833;0,407533362;0,389836833;0,012590424;0,007012067;B1501;EBV;v40;GQGGSPTAM
A11B233;BC372;280;323;230;250;1,964925737;0,00158264;2,800617835;0,00158264;2,800617835;0,025921461;0,006638498;B2705;EBV;a99;ALSALLTKL
A12B233;BC372;60;234;113;186;0,368468186;0,926937503;0,032949547;0,926937503;0,032949547;0,005554599;0,00429661;B2705;EBV;a100;FLTCTDRSV
A11B239;BC372;94;643;429;535;-0,603628256;0,776892782;0,109638913;1;0;0,008702205;0,013225377;B2705;EBV;a101;TPRVTGGGAM
A15B233;BC372;87;96;57;62;2,195073445;0,000965492;3,015251197;0,000965492;3,015251197;0,008054168;0,001754489;B3501;EBV;a102;LLLGTLNIV
A11B234;BC372;97;544;332;470;-0,294543314;0,929138758;0,031919423;1;0;0,008979935;0,011013193;B3501;EBV;a106;CVNGSCFTV
A17B233;BC372;19;157;122;139;-0,98013829;0,505247482;0,296495843;1;0;0,001758956;0,003476116;B3501;EBV;a104;SLMNVHSNG
A10B234;BC372;78;756;536;642;-1,145708569;0,32518603;0,487868119;1;0;0,007220978;0,015982532;B3501;EBV;a105;ALWALPHAA
A14B234;BC372;56;234;167;202;0,056764237;0,96549306;0,015250844;0,96549306;0,015250844;0,005184292;0,004985355;B4001;EBV;a109;TLLDHIRTA
A21B200;BC372;29;260;170;215;-0,980555352;0,475386908;0,322952782;1;0;0,002684723;0,005301017;A0101;FLU-A;a43;YVLDHLIVV
A24B200;BC372;55;327;196;277;-0,360806569;0,929138758;0,031919423;1;0;0,005091715;0,006537795;A0201;FLU-A;v3;GILGFVFTL
A17B228;BC372;33;160;113;140;-0,158843694;0,96549306;0,015250844;1;0;0,003055029;0,00341204;A2402;FLU-A;a70;SVRDRLARL
A10B230;BC372;109;587;485;509;-0,387589433;0,929138758;0,031919423;1;0;0,010090854;0,013206075;A2402;FLU-A;a79;TLDYKPLSV
A14B231;BC372;39;282;204;231;-0,715771194;0,70984227;0,148838142;1;0;0,003610489;0,005933763;B0801;FLU-A;v1;ELRSRYWAI
A14B224;BC372;230;532;320;452;0,997775612;0,32518603;0,487868119;0,32518603;0,487868119;0,021292628;0,010659111;B3501;FLU-A;a108;SLYNTIAVL
A12B234;BC372;56;445;275;351;-0,757910986;0,641114769;0,193064218;1;0;0,005184292;0,008768313;B3501;FLU-A;a107;LLNGWRWRL
A23B200;BC372;48;369;247;291;-0,74801605;0,66238026;0,178892619;1;0;0,004443679;0,007465937;A0101;HAdV-C;a45;YMLDLQPETT
A10B224;BC372;236;810;634;695;0,295915522;0,929138758;0,031919423;0,929138758;0,031919423;0,021848088;0,017798794;A0201;HAdV-C;a53;TIHDIILECV
A17B232;BC372;47;278;174;219;-0,337543738;0,929138758;0,031919423;1;0;0,004351102;0,005498163;B0801;HAdV-C;a98;ILDDNLYKV
A17B236;BC372;36;154;113;140;-0,015803577;1;0;1;0;0,003332759;0,003371066;A0101;hCoV;sh236;NADYLYFHFY
A15B236;BC372;21;106;66;92;-0,15428714;0,96549306;0,015250844;1;0;0,00194411;0,002162905;A0101;hCoV;sh831;YRATTTYKL
A16B236;BC372;54;306;181;234;-0,235704564;0,929138758;0,031919423;1;0;0,004999139;0,005885218;A0101;hCoV;sh238;LLEVSVCQY
A11B237;BC372;194;430;253;311;1,146431231;0,220991922;0,655623601;0,220991922;0,655623601;0,017959869;0,008109258;A0201;hCoV;sh849;LYYQNNVFM
A10B237;BC372;225;510;376;443;0,919558226;0,327306376;0,485045535;0,327306376;0,485045535;0,020829745;0,011012143;A0201;hCoV;sh538;LLNNVSYIV
A12B237;BC372;56;201;116;168;0,389732293;0,926937503;0,032949547;0,926937503;0,032949547;0,005184292;0,003953797;A0201;hCoV;sh503;FLSFKLMGI
A10B238;BC372;127;490;345;393;0,213060702;0,929138758;0,031919423;0,929138758;0,031919423;0,011757234;0,010143697;A0201;hCoV;sh852;LRIVSSLVL
A15B237;BC372;42;195;110;152;0,063098337;0,96549306;0,015250844;0,96549306;0,015250844;0,003888219;0,003719048;A0201;hCoV;sh395;GVLKIVIEL
A17B237;BC372;59;278;179;235;-0,056964724;1;0;1;0;0,005462022;0,005681625;A0201;hCoV;sh481;YLIAYISFA
A15B225;BC372;157;797;488;606;-0,090155447;0,971027733;0,012768366;1;0;0,014534533;0,01547077;A0201;hCoV;sh487;SLLSVTSVV
A14B237;BC372;37;206;143;187;-0,368217328;0,929138758;0,031919423;1;0;0,003425336;0,004422998;A0201;hCoV;sh394;FLFSCIITA
A16B237;BC372;37;264;168;219;-0,640397916;0,776892782;0,109638913;1;0;0,003425336;0,005340685;A0201;hCoV;sh537;SIISGTAFL
A11B238;BC372;121;457;334;364;0,227967947;0,929138758;0,031919423;0,929138758;0,031919423;0,011201774;0,009565834;B0702;hCoV;sh684;HTPRHSFRTL
A12B238;BC372;24;122;94;111;-0,288846465;0,929138758;0,031919423;1;0;0,002221839;0,002717537;B0702;hCoV;sh698;MHTPRHSFRTL
A16B224;BC372;90;702;475;527;-0,752157407;0,635666815;0,19677046;1;0;0,008331898;0,014036686;B0702;hCoV;sh680;TPRHSFRTL
A20B200;BC372;20;167;132;155;-1,026875776;0,475386908;0,322952782;1;0;0,001851533;0,003779429;A0101;HHV-1;a42;VLEETSVML
A10B226;BC372;332;618;405;502;1,293653467;0,106508576;0,972615422;0,106508576;0,972615422;0,030735446;0,012535116;A0201;HHV-1;a50;FLGGHVAVA
A16B227;BC372;51;181;132;168;0,245947821;0,929138758;0,031919423;0,929138758;0,031919423;0,004721409;0,003982206;A0201;HHV-1;a64;KVDDTFYYV
A12B231;BC372;107;542;342;403;-0,091012777;0,971027733;0,012768366;1;0;0,009905701;0,010550311;B0702;HHV-1;a88;ALLGLTLGV
A17B230;BC372;25;190;112;139;-0,636571903;0,815874297;0,088376748;1;0;0,002314416;0,003598356;B0702;HHV-2;a85;GLNDYLHSV
A16B232;BC372;21;254;146;189;-1,302410241;0,32518603;0,487868119;1;0;0,00194411;0,004798215;B0801;HHV-6B;a97;FQQLFLNTL
A14B232;BC372;20;213;150;193;-1,308513713;0,32518603;0,487868119;1;0;0,001851533;0,004592448;B0801;HHV-6B;a95;SLYNTVAVL
A11B232;BC372;417;585;379;567;1,617548212;0,016933354;1,771257005;0,016933354;1,771257005;0,038604461;0,012577503;B0801;HIV-1;a92;ALMGAVTSL
A10B239;BC372;102;557;426;470;-0,353852749;0,929138758;0,031919423;1;0;0,009442818;0,012071289;B0801;HIV-1;a94;SLFNTVAVL
A15B227;BC372;56;326;236;315;-0,484627042;0,919387475;0,036501417;1;0;0,005184292;0,007256711;A0201;HMPV;a63;LLDFVRFMGV
A10B225;BC372;300;687;545;615;0,852617925;0,382558883;0,41730171;0,382558883;0,41730171;0,027772993;0,015381549;A0201;HPV;a61;YLLEMLWRL
A12B227;BC372;113;335;221;264;0,633288221;0,635666815;0,19677046;0,635666815;0,19677046;0,010461161;0,006743054;A0201;HPV;a60;FIPQYLSAV
A11B230;BC372;172;515;347;450;0,559300343;0,711217029;0,147997853;0,711217029;0,147997853;0,015923183;0,010804951;A2402;HPV;a80;SLYNTIATL
A11B231;BC372;180;793;538;641;0,036527315;0,96549306;0,015250844;0,96549306;0,015250844;0,016663796;0,016247586;B0702;JCPyV;a87;CLTEYILWV
A14B227;BC372;81;355;255;313;-0,025572058;1;0;1;0;0,007498708;0,007634192;A0201;NWV;a62;AIMDKNIIL
A17B224;BC372;95;479;305;421;-0,168925284;0,952783156;0,021005929;1;0;0,008794781;0,009886932;A0201;unknown;O1;plate48
A16B225;BC372;156;603;434;471;0,211225851;0,929138758;0,031919423;0,929138758;0,031919423;0,014441957;0,012476164;B0701;unknown;M2;plate48
A15B226;BC372;40;202;109;130;0,049369471;0,96549306;0,015250844;0,96549306;0,015250844;0,003703066;0,003575173;A0201;VACV;a55;TLGIVCPI
A14B226;BC372;36;208;131;136;-0,22391494;0,93328041;0,02998785;1;0;0,003332759;0,003892473;A0201;VACV;a54;GIFEDRAPV
A11B226;BC372;151;341;231;306;0,950207146;0,32518603;0,487868119;0,32518603;0,487868119;0,013979073;0,007233392;A0201;VZV;a51;ILMWEAVTL
