sample	log_fold_change	HLA	Sequence	id
BC372	-1.196843878	A0101	YSEHPTFTSQY	113
BC372	-0.227580779	A0101	VTEHDTLLY	105
BC372	-1.026875776	A0101	VLEETSVML	104
BC372	-0.980555352	A0101	YVLDHLIVV	114
BC372	-0.564827274	A0101	SLYNTVATL	91
BC372	-0.74801605	A0101	YMLDLQPETT	111
BC372	-0.360806569	A0201	GILGFVFTL	31
BC372	-0.619497697	A0201	CLGGLLTMV	10
BC372	-0.473623546	A0201	GLCTLVAML	33
BC372	-0.446603212	A0201	FLYALALLL	26
BC372	1.336990221	A0201	NLVPMVATV	68
BC372	0.878480955	A0201	YVLDHLIVV	114
BC372	-0.169208874	A0201	FLYALALLL	26
BC372	0.025415899	A0201	RLNELLAYV	74
BC372	-0.267392176	A0201	RMLGDVMAV	78
BC372	0.169690375	A0201	FLGDDPSPA	20
BC372	1.293653467	A0201	FLGGHVAVA	21
BC372	0.950207146	A0201	ILMWEAVTL	41
BC372	0.121582484	A0201	SITEVECFL	81
BC372	0.295915522	A0201	TIHDIILECV	95
BC372	-0.22391494	A0201	GIFEDRAPV	30
BC372	0.049369471	A0201	TLGIVCPI	97
BC372	-0.424640404	A0201	NMLSTVLGV	69
BC372	0.253196235	A0201	NLLTTPKFT	67
BC372	0.511413611	A0201	YLQQNWWTL	109
BC372	0.927776795	A0201	ALMLRLLRI	6
BC372	0.633288221	A0201	FIPQYLSAV	16
BC372	0.852617925	A0201	YLLEMLWRL	108
BC372	-0.025572058	A0201	AIMDKNIIL	1
BC372	-0.484627042	A0201	LLDFVRFMGV	50
BC372	0.245947821	A0201	KVDDTFYYV	49
BC372	0.284143921	A0201	YMLDLQPET	110
BC372	0.544216511	A0201	LLLIWFRPV	54
BC372	0.99886527	A0201	SLFNTVATL	84
BC372	0.468714807	A0301	RLRAEAQVK	77
BC372	0.704136953	A0301	RVRAYTYSK	79
BC372	0.334881411	A0301	LLWTLVVLL	59
BC372	-1.343570949	A2402	TYGPVFMCL	103
BC372	-0.584789109	A2402	GLADTVVAC	32
BC372	-0.158843694	A2402	SVRDRLARL	94
BC372	-0.27085639	A2402	LLMGTLGIV	55
BC372	-0.288549897	A2402	KLPQLCTEL	46
BC372	-0.309685928	A2402	FLADAVVRL	17
BC372	1.099896493	A2402	RLLGFADTV	73
BC372	-0.288135088	A2402	SLFNTIAVL	83
BC372	-0.295798563	A2402	FMYSDFHFI	27
BC372	0.445209954	A2402	AITEVECFL	2
BC372	-0.202825622	A2402	MLNIPSINV	64
BC372	-0.387589433	A2402	TLDYKPLSV	96
BC372	0.559300343	A2402	SLYNTIATL	89
BC372	0.198650181	A2402	ALHTALATV	3
BC372	0.947415942	B0702	TPRVTGGGAM	101
BC372	-0.995612762	B0702	ILKEPVHGV	40
BC372	-0.884777558	B0702	LLMWEAVTV	56
BC372	-0.587054499	B0702	FLTSVINRV	24
BC372	-0.636571903	B0702	GLNDYLHSV	34
BC372	-0.153779026	B0702	KLTPLCVTL	47
BC372	0.036527315	B0702	CLTEYILWV	11
BC372	-0.091012777	B0702	ALLGLTLGV	4
BC372	0.129416763	B0702	RLNEVAKNL	75
BC372	-0.715771194	B0801	ELRSRYWAI	15
BC372	3.853276906	B0801	RAKFKQLL	72
BC372	0.912242174	B0801	ELRRKMMYM	14
BC372	0.980016945	B0801	ILIEGIFFV	39
BC372	1.367599454	B0801	TLLYVLFEV	99
BC372	1.617548212	B0801	ALMGAVTSL	5
BC372	2.044919981	B0801	SLFNTIATL	82
BC372	-0.353852749	B0801	SLFNTVAVL	85
BC372	-1.308513713	B0801	SLYNTVAVL	92
BC372	-0.790263409	B0801	LMWYELSKI	60
BC372	-1.302410241	B0801	FQQLFLNTL	28
BC372	-0.337543738	B0801	ILDDNLYKV	38
BC372	0.845000855	B1501	GQGGSPTAM	35
BC372	1.964925737	B2705	ALSALLTKL	7
BC372	0.368468186	B2705	FLTCTDRSV	23
BC372	-0.603628256	B2705	TPRVTGGGAM	101
BC372	-0.273904761	B3501	IPSINVHHY	43
BC372	2.195073445	B3501	LLLGTLNIV	53
BC372	0.401379555	B3501	FLVDAIVRVA	25
BC372	-0.98013829	B3501	SLMNVHSNG	87
BC372	-1.145708569	B3501	ALWALPHAA	8
BC372	-0.294543314	B3501	CVNGSCFTV	13
BC372	-0.757910986	B3501	LLNGWRWRL	57
BC372	0.997775612	B3501	SLYNTIAVL	90
BC372	0.056764237	B4001	TLLDHIRTA	98
BC372	0.3876022	B4001	IVIEAIHTV	44
BC372	-0.145679969	B4001	SLPITVYYA	88
BC372	3.020954521	C0602	YLANGGFLI	106
BC372	1.784113809	C0702	FLGAGALAV	19
BC372	1.423026127	C0702	MMLRDRWSL	65
BC372	0.262185383	A0101	FTSDYYQLY	29
BC372	0.397140674	A0101	CTDDNALAYY	12
BC372	-0.217088965	A0101	TTDPSFLGRY	102
BC372	1.64957e-4	A0201	RLQSLQTYV	76
BC372	-0.256125075	A0201	LLLDRLNQL	52
BC372	-0.367830929	A0201	ALWEIQQVV	9
BC372	-0.277853961	A0301	KCYGVSPTK	45
BC372	0.687207542	A0301	KTFPPTEPK	48
BC372	0.755508307	A2402	QYIKWPWYI	71
BC372	-0.071044267	B0702	IPRRNVATL	42
BC372	-0.281653396	B0702	SPRWYFYYL	93
BC372	-0.15428714	A0101	YRATTTYKL	112
BC372	-0.235704564	A0101	LLEVSVCQY	51
BC372	-0.015803577	A0101	NADYLYFHFY	66
BC372	0.919558226	A0201	LLNNVSYIV	58
BC372	1.146431231	A0201	LYYQNNVFM	62
BC372	0.389732293	A0201	FLSFKLMGI	22
BC372	-0.090155447	A0201	SLLSVTSVV	86
BC372	-0.368217328	A0201	FLFSCIITA	18
BC372	0.063098337	A0201	GVLKIVIEL	36
BC372	-0.640397916	A0201	SIISGTAFL	80
BC372	-0.056964724	A0201	YLIAYISFA	107
BC372	0.213060702	A0201	LRIVSSLVL	61
BC372	0.227967947	B0702	HTPRHSFRTL	37
BC372	-0.288846465	B0702	MHTPRHSFRTL	63
BC372	-0.752157407	B0702	TPRHSFRTL	100
BC372	0.211225851	B0701	plate48	70
BC372	-0.168925284	A0201	plate48	70
BC383	-0.462973757	A0101	YSEHPTFTSQY	113
BC383	-0.210041806	A0101	VTEHDTLLY	105
BC383	-1.05265964	A0101	VLEETSVML	104
BC383	-0.690313728	A0101	YVLDHLIVV	114
BC383	-0.37164164	A0101	SLYNTVATL	91
BC383	-0.520412365	A0101	YMLDLQPETT	111
BC383	-0.027438626	A0201	GILGFVFTL	31
BC383	0.053477946	A0201	CLGGLLTMV	10
BC383	0.254458182	A0201	GLCTLVAML	33
BC383	0.204889517	A0201	FLYALALLL	26
BC383	0.464426086	A0201	NLVPMVATV	68
BC383	0.664023546	A0201	YVLDHLIVV	114
BC383	0.257361206	A0201	FLYALALLL	26
BC383	2.251416656	A0201	RLNELLAYV	74
BC383	0.210713283	A0201	RMLGDVMAV	78
BC383	0.405373371	A0201	FLGDDPSPA	20
BC383	0.871500124	A0201	FLGGHVAVA	21
BC383	1.195585229	A0201	ILMWEAVTL	41
BC383	0.752227843	A0201	SITEVECFL	81
BC383	1.047240716	A0201	TIHDIILECV	95
BC383	0.035938298	A0201	GIFEDRAPV	30
BC383	0.245851331	A0201	TLGIVCPI	97
BC383	-0.120800883	A0201	NMLSTVLGV	69
BC383	0.152246778	A0201	NLLTTPKFT	67
BC383	0.98860032900000006	A0201	YLQQNWWTL	109
BC383	0.770285228	A0201	ALMLRLLRI	6
BC383	0.864132692	A0201	FIPQYLSAV	16
BC383	1.9136281	A0201	YLLEMLWRL	108
BC383	0.04621112	A0201	AIMDKNIIL	1
BC383	-0.177240414	A0201	LLDFVRFMGV	50
BC383	0.15929947	A0201	KVDDTFYYV	49
BC383	0.291768825	A0201	YMLDLQPET	110
BC383	1.080049016	A0201	LLLIWFRPV	54
BC383	1.243167035	A0201	SLFNTVATL	84
BC383	-0.104480997	A0301	RLRAEAQVK	77
BC383	1.456345113	A0301	RVRAYTYSK	79
BC383	-0.093790529	A0301	LLWTLVVLL	59
BC383	-0.746951822	A2402	TYGPVFMCL	103
BC383	-0.817819182	A2402	GLADTVVAC	32
BC383	-0.321897446	A2402	SVRDRLARL	94
BC383	0.031190016	A2402	LLMGTLGIV	55
BC383	0.062650223	A2402	KLPQLCTEL	46
BC383	-0.225044155	A2402	FLADAVVRL	17
BC383	1.82648328	A2402	RLLGFADTV	73
BC383	-0.589799858	A2402	SLFNTIAVL	83
BC383	-0.715256855	A2402	FMYSDFHFI	27
BC383	-0.411507708	A2402	AITEVECFL	2
BC383	-0.181284393	A2402	MLNIPSINV	64
BC383	-0.254774461	A2402	TLDYKPLSV	96
BC383	0.398899731	A2402	SLYNTIATL	89
BC383	-0.025486032	A2402	ALHTALATV	3
BC383	0.552683578	B0702	TPRVTGGGAM	101
BC383	-1.110252502	B0702	ILKEPVHGV	40
BC383	-1.342775888	B0702	LLMWEAVTV	56
BC383	-0.522292244	B0702	FLTSVINRV	24
BC383	-1.065989379	B0702	GLNDYLHSV	34
BC383	-0.329029115	B0702	KLTPLCVTL	47
BC383	0.032884096	B0702	CLTEYILWV	11
BC383	-0.348564418	B0702	ALLGLTLGV	4
BC383	0.33547808	B0702	RLNEVAKNL	75
BC383	-1.31962253	B0801	ELRSRYWAI	15
BC383	-1.393797312	B0801	RAKFKQLL	72
BC383	-1.509708531	B0801	ELRRKMMYM	14
BC383	-1.434435579	B0801	ILIEGIFFV	39
BC383	0.126574083	B0801	TLLYVLFEV	99
BC383	0.37102634	B0801	ALMGAVTSL	5
BC383	-0.373098253	B0801	SLFNTIATL	82
BC383	0.171276226	B0801	SLFNTVAVL	85
BC383	-1.219052083	B0801	SLYNTVAVL	92
BC383	-1.702255691	B0801	LMWYELSKI	60
BC383	-1.43902518	B0801	FQQLFLNTL	28
BC383	-0.907335345	B0801	ILDDNLYKV	38
BC383	0.872501795	B1501	GQGGSPTAM	35
BC383	0.328683723	B2705	ALSALLTKL	7
BC383	-0.071961533	B2705	FLTCTDRSV	23
BC383	0.039285599	B2705	TPRVTGGGAM	101
BC383	-1.337805266	B3501	IPSINVHHY	43
BC383	0.403671114	B3501	LLLGTLNIV	53
BC383	-1.238802774	B3501	FLVDAIVRVA	25
BC383	-1.777826683	B3501	SLMNVHSNG	87
BC383	-0.727621239	B3501	ALWALPHAA	8
BC383	-0.558630977	B3501	CVNGSCFTV	13
BC383	-0.899767926	B3501	LLNGWRWRL	57
BC383	-0.838174316	B3501	SLYNTIAVL	90
BC383	0.048108076	B4001	TLLDHIRTA	98
BC383	-1.449919587	B4001	IVIEAIHTV	44
BC383	-1.096521509	B4001	SLPITVYYA	88
BC383	1.261270447	C0602	YLANGGFLI	106
BC383	3.612495519	C0702	FLGAGALAV	19
BC383	2.763117541	C0702	MMLRDRWSL	65
BC383	0.690863808	A0101	FTSDYYQLY	29
BC383	-0.061254192	A0101	CTDDNALAYY	12
BC383	-0.641164601	A0101	TTDPSFLGRY	102
BC383	0.529331254	A0201	RLQSLQTYV	76
BC383	0.638933933	A0201	LLLDRLNQL	52
BC383	0.17751805	A0201	ALWEIQQVV	9
BC383	0.432859599	A0301	KCYGVSPTK	45
BC383	0.98730047	A0301	KTFPPTEPK	48
BC383	0.792515213	A2402	QYIKWPWYI	71
BC383	-0.295470771	B0702	IPRRNVATL	42
BC383	-0.424104228	B0702	SPRWYFYYL	93
BC383	0.07111558	A0101	YRATTTYKL	112
BC383	-0.070032603	A0101	LLEVSVCQY	51
BC383	-0.535239193	A0101	NADYLYFHFY	66
BC383	1.259911186	A0201	LLNNVSYIV	58
BC383	1.518232102	A0201	LYYQNNVFM	62
BC383	0.741872695	A0201	FLSFKLMGI	22
BC383	0.146575487	A0201	SLLSVTSVV	86
BC383	0.262289505	A0201	FLFSCIITA	18
BC383	-0.271869999	A0201	GVLKIVIEL	36
BC383	0.133739753	A0201	SIISGTAFL	80
BC383	-0.032001752	A0201	YLIAYISFA	107
BC383	0.905069005	A0201	LRIVSSLVL	61
BC383	0.501385357	B0702	HTPRHSFRTL	37
BC383	-0.991243707	B0702	MHTPRHSFRTL	63
BC383	-0.323504156	B0702	TPRHSFRTL	100
BC383	-0.011210942	B0701	plate48	70
BC383	-0.050323818	A0201	plate48	70
BC385	-0.440986464	A0101	YSEHPTFTSQY	113
BC385	-1.102011803	A0101	VTEHDTLLY	105
BC385	-1.205334961	A0101	VLEETSVML	104
BC385	-0.464703625	A0101	YVLDHLIVV	114
BC385	-0.84544412	A0101	SLYNTVATL	91
BC385	-0.647417218	A0101	YMLDLQPETT	111
BC385	4.075379736	A0201	GILGFVFTL	31
BC385	-0.147992889	A0201	CLGGLLTMV	10
BC385	1.047864536	A0201	GLCTLVAML	33
BC385	0.849656653	A0201	FLYALALLL	26
BC385	1.972440612	A0201	NLVPMVATV	68
BC385	4.065787547	A0201	YVLDHLIVV	114
BC385	-0.951993872	A0201	FLYALALLL	26
BC385	0.485630164	A0201	RLNELLAYV	74
BC385	-0.11796707	A0201	RMLGDVMAV	78
BC385	0.065007925	A0201	FLGDDPSPA	20
BC385	1.065691522	A0201	FLGGHVAVA	21
BC385	1.170525721	A0201	ILMWEAVTL	41
BC385	3.664116995	A0201	SITEVECFL	81
BC385	-0.718985468	A0201	TIHDIILECV	95
BC385	-0.819269173	A0201	GIFEDRAPV	30
BC385	1.140661171	A0201	TLGIVCPI	97
BC385	-0.684114931	A0201	NMLSTVLGV	69
BC385	2.014043695	A0201	NLLTTPKFT	67
BC385	0.148255507	A0201	YLQQNWWTL	109
BC385	0.38697982	A0201	ALMLRLLRI	6
BC385	0.187752295	A0201	FIPQYLSAV	16
BC385	4.284510884	A0201	YLLEMLWRL	108
BC385	0.41382744	A0201	AIMDKNIIL	1
BC385	0.197553753	A0201	LLDFVRFMGV	50
BC385	1.708074736	A0201	KVDDTFYYV	49
BC385	1.605794367	A0201	YMLDLQPET	110
BC385	-0.210946268	A0201	LLLIWFRPV	54
BC385	0.09121901	A0201	SLFNTVATL	84
BC385	-0.049014573	A0301	RLRAEAQVK	77
BC385	-0.420254423	A0301	RVRAYTYSK	79
BC385	0.715078692	A0301	LLWTLVVLL	59
BC385	-1.598010623	A2402	TYGPVFMCL	103
BC385	-0.467870164	A2402	GLADTVVAC	32
BC385	-0.261620952	A2402	SVRDRLARL	94
BC385	-0.598735299	A2402	LLMGTLGIV	55
BC385	-0.734656315	A2402	KLPQLCTEL	46
BC385	-0.160935249	A2402	FLADAVVRL	17
BC385	0.005165635	A2402	RLLGFADTV	73
BC385	-0.468532891	A2402	SLFNTIAVL	83
BC385	0.156094156	A2402	FMYSDFHFI	27
BC385	0.687823994	A2402	AITEVECFL	2
BC385	1.799923114	A2402	MLNIPSINV	64
BC385	-0.161249232	A2402	TLDYKPLSV	96
BC385	0.712572425	A2402	SLYNTIATL	89
BC385	-0.284128972	A2402	ALHTALATV	3
BC385	-0.344555618	B0702	TPRVTGGGAM	101
BC385	-0.906721944	B0702	ILKEPVHGV	40
BC385	-0.932589858	B0702	LLMWEAVTV	56
BC385	0.616556895	B0702	FLTSVINRV	24
BC385	-0.01782864	B0702	GLNDYLHSV	34
BC385	-0.491563988	B0702	KLTPLCVTL	47
BC385	-0.504698734	B0702	CLTEYILWV	11
BC385	1.005966745	B0702	ALLGLTLGV	4
BC385	-0.335373442	B0702	RLNEVAKNL	75
BC385	-1.133201047	B0801	ELRSRYWAI	15
BC385	-0.49378229	B0801	RAKFKQLL	72
BC385	-0.654892785	B0801	ELRRKMMYM	14
BC385	-0.910746847	B0801	ILIEGIFFV	39
BC385	1.722095962	B0801	TLLYVLFEV	99
BC385	1.461010081	B0801	ALMGAVTSL	5
BC385	0.853614797	B0801	SLFNTIATL	82
BC385	-1.03133939	B0801	SLFNTVAVL	85
BC385	-1.011453721	B0801	SLYNTVAVL	92
BC385	0.319438563	B0801	LMWYELSKI	60
BC385	-0.461700823	B0801	FQQLFLNTL	28
BC385	0.281588205	B0801	ILDDNLYKV	38
BC385	0.7949784	B1501	GQGGSPTAM	35
BC385	1.70792751	B2705	ALSALLTKL	7
BC385	0.189799788	B2705	FLTCTDRSV	23
BC385	-0.770398358	B2705	TPRVTGGGAM	101
BC385	0.909095515	B3501	IPSINVHHY	43
BC385	2.871351549	B3501	LLLGTLNIV	53
BC385	1.390814692	B3501	FLVDAIVRVA	25
BC385	-0.025038557	B3501	SLMNVHSNG	87
BC385	-0.22694044	B3501	ALWALPHAA	8
BC385	-0.095061566	B3501	CVNGSCFTV	13
BC385	0.008062215	B3501	LLNGWRWRL	57
BC385	-0.81812292	B3501	SLYNTIAVL	90
BC385	4.522631916	B4001	TLLDHIRTA	98
BC385	3.039644048	B4001	IVIEAIHTV	44
BC385	1.09162316	B4001	SLPITVYYA	88
BC385	7.608918125	C0602	YLANGGFLI	106
BC385	3.108481294	C0702	FLGAGALAV	19
BC385	1.99960175	C0702	MMLRDRWSL	65
BC385	-0.342980664	A0101	FTSDYYQLY	29
BC385	-0.222048337	A0101	CTDDNALAYY	12
BC385	-0.597195039	A0101	TTDPSFLGRY	102
BC385	-0.519345727	A0201	RLQSLQTYV	76
BC385	0.151608842	A0201	LLLDRLNQL	52
BC385	-0.139675022	A0201	ALWEIQQVV	9
BC385	0.406788595	A0301	KCYGVSPTK	45
BC385	0.328021086	A0301	KTFPPTEPK	48
BC385	0.328318114	A2402	QYIKWPWYI	71
BC385	-0.40039016	B0702	IPRRNVATL	42
BC385	-0.78191168	B0702	SPRWYFYYL	93
BC385	-1.223598958	A0101	YRATTTYKL	112
BC385	-0.440132048	A0101	LLEVSVCQY	51
BC385	0.642704358	A0101	NADYLYFHFY	66
BC385	0.59577628	A0201	LLNNVSYIV	58
BC385	0.326190012	A0201	LYYQNNVFM	62
BC385	-0.273888887	A0201	FLSFKLMGI	22
BC385	-0.305721476	A0201	SLLSVTSVV	86
BC385	-0.63586999	A0201	FLFSCIITA	18
BC385	-0.539019291	A0201	GVLKIVIEL	36
BC385	-0.44913337	A0201	SIISGTAFL	80
BC385	-0.072106242	A0201	YLIAYISFA	107
BC385	0.013934417	A0201	LRIVSSLVL	61
BC385	-0.316223544	B0702	HTPRHSFRTL	37
BC385	-0.498992053	B0702	MHTPRHSFRTL	63
BC385	-0.613283537	B0702	TPRHSFRTL	100
BC385	0.390836681	B0701	plate48	70
BC385	-0.564438262	A0201	plate48	70
BC386	-0.254782752	A0101	YSEHPTFTSQY	113
BC386	-0.118055519	A0101	VTEHDTLLY	105
BC386	-0.438063657	A0101	VLEETSVML	104
BC386	-0.465059925	A0101	YVLDHLIVV	114
BC386	-0.33776691	A0101	SLYNTVATL	91
BC386	-0.291337793	A0101	YMLDLQPETT	111
BC386	0.225804727	A0201	GILGFVFTL	31
BC386	0.103219432	A0201	CLGGLLTMV	10
BC386	0.309503868	A0201	GLCTLVAML	33
BC386	0.148891453	A0201	FLYALALLL	26
BC386	0.69075599	A0201	NLVPMVATV	68
BC386	0.89615229	A0201	YVLDHLIVV	114
BC386	0.319071536	A0201	FLYALALLL	26
BC386	0.503664421	A0201	RLNELLAYV	74
BC386	0.338098826	A0201	RMLGDVMAV	78
BC386	0.407620951	A0201	FLGDDPSPA	20
BC386	0.951503772	A0201	FLGGHVAVA	21
BC386	0.663252904	A0201	ILMWEAVTL	41
BC386	0.280237942	A0201	SITEVECFL	81
BC386	0.344970357	A0201	TIHDIILECV	95
BC386	0.320250491	A0201	GIFEDRAPV	30
BC386	0.054279114	A0201	TLGIVCPI	97
BC386	-0.231846704	A0201	NMLSTVLGV	69
BC386	0.497306086	A0201	NLLTTPKFT	67
BC386	0.564472082	A0201	YLQQNWWTL	109
BC386	0.499546834	A0201	ALMLRLLRI	6
BC386	0.950681748	A0201	FIPQYLSAV	16
BC386	1.223636606	A0201	YLLEMLWRL	108
BC386	0.224346201	A0201	AIMDKNIIL	1
BC386	0.046505381	A0201	LLDFVRFMGV	50
BC386	0.385722711	A0201	KVDDTFYYV	49
BC386	0.599047429	A0201	YMLDLQPET	110
BC386	0.989018236	A0201	LLLIWFRPV	54
BC386	0.988816252	A0201	SLFNTVATL	84
BC386	0.114596812	A0301	RLRAEAQVK	77
BC386	0.806190194	A0301	RVRAYTYSK	79
BC386	0.036303411	A0301	LLWTLVVLL	59
BC386	-0.44183928	A2402	TYGPVFMCL	103
BC386	-0.652403767	A2402	GLADTVVAC	32
BC386	0.282365655	A2402	SVRDRLARL	94
BC386	-0.257082928	A2402	LLMGTLGIV	55
BC386	-0.280594402	A2402	KLPQLCTEL	46
BC386	-0.159423514	A2402	FLADAVVRL	17
BC386	1.177269753	A2402	RLLGFADTV	73
BC386	-0.405180911	A2402	SLFNTIAVL	83
BC386	-0.407432265	A2402	FMYSDFHFI	27
BC386	-0.069710571	A2402	AITEVECFL	2
BC386	0.127622555	A2402	MLNIPSINV	64
BC386	-0.264209914	A2402	TLDYKPLSV	96
BC386	0.221965238	A2402	SLYNTIATL	89
BC386	-0.048101657	A2402	ALHTALATV	3
BC386	0.133744346	B0702	TPRVTGGGAM	101
BC386	-0.753005091	B0702	ILKEPVHGV	40
BC386	-0.952982838	B0702	LLMWEAVTV	56
BC386	-0.979120119	B0702	FLTSVINRV	24
BC386	-0.451454021	B0702	GLNDYLHSV	34
BC386	-0.540021907	B0702	KLTPLCVTL	47
BC386	-0.31762544	B0702	CLTEYILWV	11
BC386	-0.535852114	B0702	ALLGLTLGV	4
BC386	0.232533442	B0702	RLNEVAKNL	75
BC386	-1.332690868	B0801	ELRSRYWAI	15
BC386	-1.322704854	B0801	RAKFKQLL	72
BC386	-1.499963459	B0801	ELRRKMMYM	14
BC386	-1.172911523	B0801	ILIEGIFFV	39
BC386	0.340765497	B0801	TLLYVLFEV	99
BC386	0.369970427	B0801	ALMGAVTSL	5
BC386	-0.064972977	B0801	SLFNTIATL	82
BC386	0.178130595	B0801	SLFNTVAVL	85
BC386	-0.9633535	B0801	SLYNTVAVL	92
BC386	-1.071776466	B0801	LMWYELSKI	60
BC386	-1.230738783	B0801	FQQLFLNTL	28
BC386	-0.886762886	B0801	ILDDNLYKV	38
BC386	0.21115914	B1501	GQGGSPTAM	35
BC386	0.289492406	B2705	ALSALLTKL	7
BC386	0.221502254	B2705	FLTCTDRSV	23
BC386	-0.149733325	B2705	TPRVTGGGAM	101
BC386	-0.438726762	B3501	IPSINVHHY	43
BC386	1.281451505	B3501	LLLGTLNIV	53
BC386	-0.511461548	B3501	FLVDAIVRVA	25
BC386	-0.700279923	B3501	SLMNVHSNG	87
BC386	-0.806788866	B3501	ALWALPHAA	8
BC386	-0.015187639	B3501	CVNGSCFTV	13
BC386	-0.694209403	B3501	LLNGWRWRL	57
BC386	-0.712988189	B3501	SLYNTIAVL	90
BC386	-0.27512393	B4001	TLLDHIRTA	98
BC386	-0.185615661	B4001	IVIEAIHTV	44
BC386	-0.651375791	B4001	SLPITVYYA	88
BC386	4.500294303	C0602	YLANGGFLI	106
BC386	0.393751687	C0702	FLGAGALAV	19
BC386	0.223991521	C0702	MMLRDRWSL	65
BC386	0.314396257	A0101	FTSDYYQLY	29
BC386	-0.233476937	A0101	CTDDNALAYY	12
BC386	-0.388958705	A0101	TTDPSFLGRY	102
BC386	0.396023683	A0201	RLQSLQTYV	76
BC386	0.121944503	A0201	LLLDRLNQL	52
BC386	0.104825075	A0201	ALWEIQQVV	9
BC386	0.107833529	A0301	KCYGVSPTK	45
BC386	0.516013697	A0301	KTFPPTEPK	48
BC386	0.558501199	A2402	QYIKWPWYI	71
BC386	-0.517246236	B0702	IPRRNVATL	42
BC386	-0.763725413	B0702	SPRWYFYYL	93
BC386	-0.060762129	A0101	YRATTTYKL	112
BC386	-0.451578147	A0101	LLEVSVCQY	51
BC386	-0.443373069	A0101	NADYLYFHFY	66
BC386	1.007540208	A0201	LLNNVSYIV	58
BC386	1.146423366	A0201	LYYQNNVFM	62
BC386	0.75036012	A0201	FLSFKLMGI	22
BC386	0.101214214	A0201	SLLSVTSVV	86
BC386	0.031716976	A0201	FLFSCIITA	18
BC386	0.55798946	A0201	GVLKIVIEL	36
BC386	-0.220878422	A0201	SIISGTAFL	80
BC386	0.368855177	A0201	YLIAYISFA	107
BC386	0.563108125	A0201	LRIVSSLVL	61
BC386	0.291285276	B0702	HTPRHSFRTL	37
BC386	-0.16869282	B0702	MHTPRHSFRTL	63
BC386	-0.893307984	B0702	TPRHSFRTL	100
BC386	-0.248960149	B0701	plate48	70
BC386	-0.247353854	A0201	plate48	70
BC387	-0.895449742	A0101	YSEHPTFTSQY	113
BC387	-0.699569242	A0101	VTEHDTLLY	105
BC387	-0.818432248	A0101	VLEETSVML	104
BC387	-0.966754769	A0101	YVLDHLIVV	114
BC387	-0.873510974	A0101	SLYNTVATL	91
BC387	-0.499865615	A0101	YMLDLQPETT	111
BC387	-0.430797246	A0201	GILGFVFTL	31
BC387	-0.507603164	A0201	CLGGLLTMV	10
BC387	-0.697381425	A0201	GLCTLVAML	33
BC387	-0.880782518	A0201	FLYALALLL	26
BC387	1.145394703	A0201	NLVPMVATV	68
BC387	1.745492683	A0201	YVLDHLIVV	114
BC387	-0.510200194	A0201	FLYALALLL	26
BC387	-0.76393823	A0201	RLNELLAYV	74
BC387	0.354129753	A0201	RMLGDVMAV	78
BC387	0.674413909	A0201	FLGDDPSPA	20
BC387	1.640443961	A0201	FLGGHVAVA	21
BC387	0.920606941	A0201	ILMWEAVTL	41
BC387	0.123935388	A0201	SITEVECFL	81
BC387	-0.092440731	A0201	TIHDIILECV	95
BC387	-0.310452887	A0201	GIFEDRAPV	30
BC387	-1.187227618	A0201	TLGIVCPI	97
BC387	-0.604571001	A0201	NMLSTVLGV	69
BC387	0.199051524	A0201	NLLTTPKFT	67
BC387	0.143972007	A0201	YLQQNWWTL	109
BC387	1.203652383	A0201	ALMLRLLRI	6
BC387	0.165071301	A0201	FIPQYLSAV	16
BC387	0.533091301	A0201	YLLEMLWRL	108
BC387	0.448037958	A0201	AIMDKNIIL	1
BC387	-0.458694603	A0201	LLDFVRFMGV	50
BC387	1.406157529	A0201	KVDDTFYYV	49
BC387	0.224864438	A0201	YMLDLQPET	110
BC387	0.517011029	A0201	LLLIWFRPV	54
BC387	0.830673292	A0201	SLFNTVATL	84
BC387	2.144889978	A0301	RLRAEAQVK	77
BC387	0.407607667	A0301	RVRAYTYSK	79
BC387	0.343378482	A0301	LLWTLVVLL	59
BC387	-1.092088065	A2402	TYGPVFMCL	103
BC387	-1.047716014	A2402	GLADTVVAC	32
BC387	0.278113308	A2402	SVRDRLARL	94
BC387	-0.314423317	A2402	LLMGTLGIV	55
BC387	-0.040521939	A2402	KLPQLCTEL	46
BC387	-0.036863491	A2402	FLADAVVRL	17
BC387	0.887477147	A2402	RLLGFADTV	73
BC387	-0.516047619	A2402	SLFNTIAVL	83
BC387	-0.402279069	A2402	FMYSDFHFI	27
BC387	0.407481844	A2402	AITEVECFL	2
BC387	-0.093638136	A2402	MLNIPSINV	64
BC387	0.007100172	A2402	TLDYKPLSV	96
BC387	0.722621815	A2402	SLYNTIATL	89
BC387	0.057018645	A2402	ALHTALATV	3
BC387	0.648713417	B0702	TPRVTGGGAM	101
BC387	-0.750610666	B0702	ILKEPVHGV	40
BC387	-1.207872736	B0702	LLMWEAVTV	56
BC387	-0.548201166	B0702	FLTSVINRV	24
BC387	-0.408985067	B0702	GLNDYLHSV	34
BC387	-0.39001132	B0702	KLTPLCVTL	47
BC387	-0.037048116	B0702	CLTEYILWV	11
BC387	-0.142524561	B0702	ALLGLTLGV	4
BC387	-0.381690239	B0702	RLNEVAKNL	75
BC387	-0.470663747	B0801	ELRSRYWAI	15
BC387	-1.340957075	B0801	RAKFKQLL	72
BC387	-0.820332812	B0801	ELRRKMMYM	14
BC387	-1.001474549	B0801	ILIEGIFFV	39
BC387	1.481828662	B0801	TLLYVLFEV	99
BC387	1.285710892	B0801	ALMGAVTSL	5
BC387	-0.16842687	B0801	SLFNTIATL	82
BC387	-0.135726782	B0801	SLFNTVAVL	85
BC387	-1.199411384	B0801	SLYNTVAVL	92
BC387	-0.518153069	B0801	LMWYELSKI	60
BC387	-1.610714737	B0801	FQQLFLNTL	28
BC387	-0.410232824	B0801	ILDDNLYKV	38
BC387	0.807648709	B1501	GQGGSPTAM	35
BC387	1.470784806	B2705	ALSALLTKL	7
BC387	0.12998932	B2705	FLTCTDRSV	23
BC387	-0.446969856	B2705	TPRVTGGGAM	101
BC387	0.518810168	B3501	IPSINVHHY	43
BC387	3.341305541	B3501	LLLGTLNIV	53
BC387	1.80977815	B3501	FLVDAIVRVA	25
BC387	2.34715103	B3501	SLMNVHSNG	87
BC387	1.116943452	B3501	ALWALPHAA	8
BC387	8.437906121	B3501	CVNGSCFTV	13
BC387	0.286852389	B3501	LLNGWRWRL	57
BC387	-0.699724376	B3501	SLYNTIAVL	90
BC387	0.364897497	B4001	TLLDHIRTA	98
BC387	2.905750802	B4001	IVIEAIHTV	44
BC387	0.19963994	B4001	SLPITVYYA	88
BC387	3.895019462	C0602	YLANGGFLI	106
BC387	3.893654175	C0702	FLGAGALAV	19
BC387	3.073982124	C0702	MMLRDRWSL	65
BC387	0.276809137	A0101	FTSDYYQLY	29
BC387	-0.019382784	A0101	CTDDNALAYY	12
BC387	-0.59289304	A0101	TTDPSFLGRY	102
BC387	-0.038933716	A0201	RLQSLQTYV	76
BC387	-0.137618123	A0201	LLLDRLNQL	52
BC387	-0.673230199	A0201	ALWEIQQVV	9
BC387	0.378649258	A0301	KCYGVSPTK	45
BC387	0.940283559	A0301	KTFPPTEPK	48
BC387	0.344456057	A2402	QYIKWPWYI	71
BC387	-0.123180767	B0702	IPRRNVATL	42
BC387	-0.777599739	B0702	SPRWYFYYL	93
BC387	-0.337398637	A0101	YRATTTYKL	112
BC387	0.025388877	A0101	LLEVSVCQY	51
BC387	-0.313570191	A0101	NADYLYFHFY	66
BC387	0.612321558	A0201	LLNNVSYIV	58
BC387	0.9118741	A0201	LYYQNNVFM	62
BC387	-0.092918068	A0201	FLSFKLMGI	22
BC387	-0.253090303	A0201	SLLSVTSVV	86
BC387	-0.631559578	A0201	FLFSCIITA	18
BC387	0.294409799	A0201	GVLKIVIEL	36
BC387	-0.977631152	A0201	SIISGTAFL	80
BC387	0.661115055	A0201	YLIAYISFA	107
BC387	0.170160767	A0201	LRIVSSLVL	61
BC387	0.290477451	B0702	HTPRHSFRTL	37
BC387	-0.342964341	B0702	MHTPRHSFRTL	63
BC387	-1.065406089	B0702	TPRHSFRTL	100
BC387	0.088859506	B0701	plate48	70
BC387	-0.529790641	A0201	plate48	70
BC388	-1.268713203	A0101	YSEHPTFTSQY	113
BC388	-0.86724918	A0101	VTEHDTLLY	105
BC388	-1.235934711	A0101	VLEETSVML	104
BC388	-1.04798779	A0101	YVLDHLIVV	114
BC388	-0.522901615	A0101	SLYNTVATL	91
BC388	-0.898552712	A0101	YMLDLQPETT	111
BC388	0.20248505	A0201	GILGFVFTL	31
BC388	-0.030038785	A0201	CLGGLLTMV	10
BC388	0.514999709	A0201	GLCTLVAML	33
BC388	0.342804182	A0201	FLYALALLL	26
BC388	3.585667927	A0201	NLVPMVATV	68
BC388	1.278512214	A0201	YVLDHLIVV	114
BC388	0.620582373	A0201	FLYALALLL	26
BC388	-0.309041272	A0201	RLNELLAYV	74
BC388	0.350775501	A0201	RMLGDVMAV	78
BC388	-0.287233877	A0201	FLGDDPSPA	20
BC388	0.720333988	A0201	FLGGHVAVA	21
BC388	1.087127673	A0201	ILMWEAVTL	41
BC388	0.65591769	A0201	SITEVECFL	81
BC388	-0.43859379	A0201	TIHDIILECV	95
BC388	-0.281422322	A0201	GIFEDRAPV	30
BC388	-0.481470122	A0201	TLGIVCPI	97
BC388	-1.150411458	A0201	NMLSTVLGV	69
BC388	1.58638122	A0201	NLLTTPKFT	67
BC388	0.361099823	A0201	YLQQNWWTL	109
BC388	1.277560017	A0201	ALMLRLLRI	6
BC388	-0.395927039	A0201	FIPQYLSAV	16
BC388	1.148877766	A0201	YLLEMLWRL	108
BC388	0.42478887	A0201	AIMDKNIIL	1
BC388	-0.800852476	A0201	LLDFVRFMGV	50
BC388	0.493021976	A0201	KVDDTFYYV	49
BC388	0.074635765	A0201	YMLDLQPET	110
BC388	0.298338505	A0201	LLLIWFRPV	54
BC388	0.436366321	A0201	SLFNTVATL	84
BC388	-0.135918555	A0301	RLRAEAQVK	77
BC388	0.246147344	A0301	RVRAYTYSK	79
BC388	1.202905878	A0301	LLWTLVVLL	59
BC388	-1.106062476	A2402	TYGPVFMCL	103
BC388	-0.633829599	A2402	GLADTVVAC	32
BC388	0.673834056	A2402	SVRDRLARL	94
BC388	-0.842828875	A2402	LLMGTLGIV	55
BC388	-0.222917611	A2402	KLPQLCTEL	46
BC388	-0.552309031	A2402	FLADAVVRL	17
BC388	0.986130138	A2402	RLLGFADTV	73
BC388	-0.57770491	A2402	SLFNTIAVL	83
BC388	-0.171712382	A2402	FMYSDFHFI	27
BC388	-0.077740809	A2402	AITEVECFL	2
BC388	0.615633544	A2402	MLNIPSINV	64
BC388	-0.434601091	A2402	TLDYKPLSV	96
BC388	0.842242202	A2402	SLYNTIATL	89
BC388	-0.256879243	A2402	ALHTALATV	3
BC388	0.656080162	B0702	TPRVTGGGAM	101
BC388	-1.320046075	B0702	ILKEPVHGV	40
BC388	-1.388840975	B0702	LLMWEAVTV	56
BC388	-0.381809773	B0702	FLTSVINRV	24
BC388	-0.03138946	B0702	GLNDYLHSV	34
BC388	-0.659453688	B0702	KLTPLCVTL	47
BC388	-0.095025865	B0702	CLTEYILWV	11
BC388	-0.756330213	B0702	ALLGLTLGV	4
BC388	-0.115704688	B0702	RLNEVAKNL	75
BC388	-0.888613043	B0801	ELRSRYWAI	15
BC388	-1.643354005	B0801	RAKFKQLL	72
BC388	-2.066534623	B0801	ELRRKMMYM	14
BC388	-0.972440711	B0801	ILIEGIFFV	39
BC388	1.081152978	B0801	TLLYVLFEV	99
BC388	1.438775408	B0801	ALMGAVTSL	5
BC388	0.290653836	B0801	SLFNTIATL	82
BC388	-0.480918817	B0801	SLFNTVAVL	85
BC388	-0.671130162	B0801	SLYNTVAVL	92
BC388	-0.255594435	B0801	LMWYELSKI	60
BC388	-0.657374694	B0801	FQQLFLNTL	28
BC388	-0.101906441	B0801	ILDDNLYKV	38
BC388	0.814734027	B1501	GQGGSPTAM	35
BC388	1.78593332	B2705	ALSALLTKL	7
BC388	0.110159964	B2705	FLTCTDRSV	23
BC388	-0.413680895	B2705	TPRVTGGGAM	101
BC388	0.018556982	B3501	IPSINVHHY	43
BC388	2.375263727	B3501	LLLGTLNIV	53
BC388	1.087879375	B3501	FLVDAIVRVA	25
BC388	1.232312093	B3501	SLMNVHSNG	87
BC388	1.508406089	B3501	ALWALPHAA	8
BC388	8.666461372	B3501	CVNGSCFTV	13
BC388	-0.131365572	B3501	LLNGWRWRL	57
BC388	-0.630492067	B3501	SLYNTIAVL	90
BC388	0.92197221	B4001	TLLDHIRTA	98
BC388	1.975072376	B4001	IVIEAIHTV	44
BC388	0.742091758	B4001	SLPITVYYA	88
BC388	7.4988183	C0602	YLANGGFLI	106
BC388	5.21737711	C0702	FLGAGALAV	19
BC388	4.061744914	C0702	MMLRDRWSL	65
BC388	-0.153631574	A0101	FTSDYYQLY	29
BC388	-0.027894872	A0101	CTDDNALAYY	12
BC388	-0.603189013	A0101	TTDPSFLGRY	102
BC388	0.1572768	A0201	RLQSLQTYV	76
BC388	-0.224726752	A0201	LLLDRLNQL	52
BC388	0.457553203	A0201	ALWEIQQVV	9
BC388	1.528233623	A0301	KCYGVSPTK	45
BC388	0.889053979	A0301	KTFPPTEPK	48
BC388	0.7298806	A2402	QYIKWPWYI	71
BC388	-0.290975658	B0702	IPRRNVATL	42
BC388	-0.812619237	B0702	SPRWYFYYL	93
BC388	-1.168257108	A0101	YRATTTYKL	112
BC388	-0.071012694	A0101	LLEVSVCQY	51
BC388	-0.30747339	A0101	NADYLYFHFY	66
BC388	0.046153544	A0201	LLNNVSYIV	58
BC388	0.507017799	A0201	LYYQNNVFM	62
BC388	0.230885756	A0201	FLSFKLMGI	22
BC388	-0.594200725	A0201	SLLSVTSVV	86
BC388	-0.465202982	A0201	FLFSCIITA	18
BC388	-0.015166139	A0201	GVLKIVIEL	36
BC388	-1.887229355	A0201	SIISGTAFL	80
BC388	-0.061727863	A0201	YLIAYISFA	107
BC388	-0.525461816	A0201	LRIVSSLVL	61
BC388	-0.614684016	B0702	HTPRHSFRTL	37
BC388	-0.912082741	B0702	MHTPRHSFRTL	63
BC388	-1.752471226	B0702	TPRHSFRTL	100
BC388	-0.306317656	B0701	plate48	70
BC388	-0.860508597	A0201	plate48	70
BC389	-0.777300257	A0101	YSEHPTFTSQY	113
BC389	-0.457075621	A0101	VTEHDTLLY	105
BC389	-0.473211432	A0101	VLEETSVML	104
BC389	-0.699334637	A0101	YVLDHLIVV	114
BC389	-0.163398538	A0101	SLYNTVATL	91
BC389	-0.018028141	A0101	YMLDLQPETT	111
BC389	1.889172758	A0201	GILGFVFTL	31
BC389	-0.197999865	A0201	CLGGLLTMV	10
BC389	0.221454491	A0201	GLCTLVAML	33
BC389	0.993230453	A0201	FLYALALLL	26
BC389	4.17413071	A0201	NLVPMVATV	68
BC389	1.372429173	A0201	YVLDHLIVV	114
BC389	5.304188325	A0201	FLYALALLL	26
BC389	-0.419108588	A0201	RLNELLAYV	74
BC389	0.468397419	A0201	RMLGDVMAV	78
BC389	-0.138586182	A0201	FLGDDPSPA	20
BC389	0.210405795	A0201	FLGGHVAVA	21
BC389	0.547849153	A0201	ILMWEAVTL	41
BC389	0.35417743	A0201	SITEVECFL	81
BC389	-0.218928738	A0201	TIHDIILECV	95
BC389	-0.454289193	A0201	GIFEDRAPV	30
BC389	-0.460992758	A0201	TLGIVCPI	97
BC389	0.149890375	A0201	NMLSTVLGV	69
BC389	1.337114544	A0201	NLLTTPKFT	67
BC389	1.946831225	A0201	YLQQNWWTL	109
BC389	2.987511929	A0201	ALMLRLLRI	6
BC389	2.804763472	A0201	FIPQYLSAV	16
BC389	0.343975996	A0201	YLLEMLWRL	108
BC389	0.189106455	A0201	AIMDKNIIL	1
BC389	-0.11310693	A0201	LLDFVRFMGV	50
BC389	0.333206266	A0201	KVDDTFYYV	49
BC389	0.390512597	A0201	YMLDLQPET	110
BC389	0.172770925	A0201	LLLIWFRPV	54
BC389	0.586739246	A0201	SLFNTVATL	84
BC389	0.458125064	A0301	RLRAEAQVK	77
BC389	0.482212316	A0301	RVRAYTYSK	79
BC389	0.025586375	A0301	LLWTLVVLL	59
BC389	-1.0612733	A2402	TYGPVFMCL	103
BC389	-0.702472087	A2402	GLADTVVAC	32
BC389	0.268479454	A2402	SVRDRLARL	94
BC389	-0.750137984	A2402	LLMGTLGIV	55
BC389	-0.436882996	A2402	KLPQLCTEL	46
BC389	0.033294282	A2402	FLADAVVRL	17
BC389	1.106245467	A2402	RLLGFADTV	73
BC389	-0.498064846	A2402	SLFNTIAVL	83
BC389	-0.332724652	A2402	FMYSDFHFI	27
BC389	0.375693666	A2402	AITEVECFL	2
BC389	-0.019179278	A2402	MLNIPSINV	64
BC389	-0.485640093	A2402	TLDYKPLSV	96
BC389	0.285995401	A2402	SLYNTIATL	89
BC389	-0.218521104	A2402	ALHTALATV	3
BC389	0.596167198	B0702	TPRVTGGGAM	101
BC389	-0.9539089	B0702	ILKEPVHGV	40
BC389	-0.828821022	B0702	LLMWEAVTV	56
BC389	-0.671767426	B0702	FLTSVINRV	24
BC389	0.010312709	B0702	GLNDYLHSV	34
BC389	-0.7602905	B0702	KLTPLCVTL	47
BC389	-0.187929288	B0702	CLTEYILWV	11
BC389	-0.447632972	B0702	ALLGLTLGV	4
BC389	0.19363631	B0702	RLNEVAKNL	75
BC389	-0.685790038	B0801	ELRSRYWAI	15
BC389	-1.795168414	B0801	RAKFKQLL	72
BC389	-1.0895866	B0801	ELRRKMMYM	14
BC389	-1.240380684	B0801	ILIEGIFFV	39
BC389	0.221480533	B0801	TLLYVLFEV	99
BC389	0.868304848	B0801	ALMGAVTSL	5
BC389	0.038555456	B0801	SLFNTIATL	82
BC389	-0.393639996	B0801	SLFNTVAVL	85
BC389	-1.201621759	B0801	SLYNTVAVL	92
BC389	-0.914467543	B0801	LMWYELSKI	60
BC389	-0.918406881	B0801	FQQLFLNTL	28
BC389	-0.278672434	B0801	ILDDNLYKV	38
BC389	0.085054885	B1501	GQGGSPTAM	35
BC389	4.043581917	B2705	ALSALLTKL	7
BC389	4.324179966	B2705	FLTCTDRSV	23
BC389	-0.188713172	B2705	TPRVTGGGAM	101
BC389	0.225567414	B3501	IPSINVHHY	43
BC389	1.809554931	B3501	LLLGTLNIV	53
BC389	0.571765508	B3501	FLVDAIVRVA	25
BC389	-0.200811425	B3501	SLMNVHSNG	87
BC389	-0.098433666	B3501	ALWALPHAA	8
BC389	0.037014563	B3501	CVNGSCFTV	13
BC389	-0.250144962	B3501	LLNGWRWRL	57
BC389	-0.694271801	B3501	SLYNTIAVL	90
BC389	0.402081312	B4001	TLLDHIRTA	98
BC389	1.350603904	B4001	IVIEAIHTV	44
BC389	0.46106889	B4001	SLPITVYYA	88
BC389	6.531970199	C0602	YLANGGFLI	106
BC389	4.261931832	C0702	FLGAGALAV	19
BC389	3.072598034	C0702	MMLRDRWSL	65
BC389	-0.116853147	A0101	FTSDYYQLY	29
BC389	3.209307456	A0101	CTDDNALAYY	12
BC389	-0.831818738	A0101	TTDPSFLGRY	102
BC389	-0.108116866	A0201	RLQSLQTYV	76
BC389	-0.064238568	A0201	LLLDRLNQL	52
BC389	0.552243696	A0201	ALWEIQQVV	9
BC389	-0.07167552	A0301	KCYGVSPTK	45
BC389	0.733000122	A0301	KTFPPTEPK	48
BC389	0.384023757	A2402	QYIKWPWYI	71
BC389	-0.305368389	B0702	IPRRNVATL	42
BC389	-0.563294757	B0702	SPRWYFYYL	93
BC389	-1.251959495	A0101	YRATTTYKL	112
BC389	-0.130238793	A0101	LLEVSVCQY	51
BC389	-0.073045074	A0101	NADYLYFHFY	66
BC389	-0.058058779	A0201	LLNNVSYIV	58
BC389	0.820051109	A0201	LYYQNNVFM	62
BC389	0.233992618	A0201	FLSFKLMGI	22
BC389	-0.258565329	A0201	SLLSVTSVV	86
BC389	-0.04354537	A0201	FLFSCIITA	18
BC389	-0.271739905	A0201	GVLKIVIEL	36
BC389	-0.356922186	A0201	SIISGTAFL	80
BC389	-0.214948386	A0201	YLIAYISFA	107
BC389	0.260116856	A0201	LRIVSSLVL	61
BC389	0.145047207	B0702	HTPRHSFRTL	37
BC389	-0.844166871	B0702	MHTPRHSFRTL	63
BC389	-0.90505483	B0702	TPRHSFRTL	100
BC389	-0.205536652	B0701	plate48	70
BC389	-0.447066538	A0201	plate48	70
BC390	-1.420867091	A0101	YSEHPTFTSQY	113
BC390	0.01058115	A0101	VTEHDTLLY	105
BC390	-1.125667459	A0101	VLEETSVML	104
BC390	-0.808509841	A0101	YVLDHLIVV	114
BC390	-0.859458281	A0101	SLYNTVATL	91
BC390	-0.485806163	A0101	YMLDLQPETT	111
BC390	-0.549894429	A0201	GILGFVFTL	31
BC390	-0.341609547	A0201	CLGGLLTMV	10
BC390	-0.067567527	A0201	GLCTLVAML	33
BC390	-0.060778086	A0201	FLYALALLL	26
BC390	0.603787162	A0201	NLVPMVATV	68
BC390	0.792089074	A0201	YVLDHLIVV	114
BC390	-0.133990232	A0201	FLYALALLL	26
BC390	0.53704376	A0201	RLNELLAYV	74
BC390	1.004043919	A0201	RMLGDVMAV	78
BC390	0.144661502	A0201	FLGDDPSPA	20
BC390	1.163867842	A0201	FLGGHVAVA	21
BC390	0.873289468	A0201	ILMWEAVTL	41
BC390	0.022582804	A0201	SITEVECFL	81
BC390	0.039919367	A0201	TIHDIILECV	95
BC390	-0.055664511	A0201	GIFEDRAPV	30
BC390	-0.726675198	A0201	TLGIVCPI	97
BC390	-0.518986429	A0201	NMLSTVLGV	69
BC390	1.005547192	A0201	NLLTTPKFT	67
BC390	0.623572682	A0201	YLQQNWWTL	109
BC390	0.576554414	A0201	ALMLRLLRI	6
BC390	0.473445348	A0201	FIPQYLSAV	16
BC390	0.934122756	A0201	YLLEMLWRL	108
BC390	0.40158355	A0201	AIMDKNIIL	1
BC390	-0.227970617	A0201	LLDFVRFMGV	50
BC390	-0.144344383	A0201	KVDDTFYYV	49
BC390	0.155303435	A0201	YMLDLQPET	110
BC390	0.990426189	A0201	LLLIWFRPV	54
BC390	0.785454008	A0201	SLFNTVATL	84
BC390	-0.288332248	A0301	RLRAEAQVK	77
BC390	0.741928258	A0301	RVRAYTYSK	79
BC390	-0.552563873	A0301	LLWTLVVLL	59
BC390	-1.258307401	A2402	TYGPVFMCL	103
BC390	-0.641931114	A2402	GLADTVVAC	32
BC390	-0.564721145	A2402	SVRDRLARL	94
BC390	-0.464941959	A2402	LLMGTLGIV	55
BC390	-0.301394929	A2402	KLPQLCTEL	46
BC390	-0.177063831	A2402	FLADAVVRL	17
BC390	1.177393986	A2402	RLLGFADTV	73
BC390	-0.649983143	A2402	SLFNTIAVL	83
BC390	-0.989210958	A2402	FMYSDFHFI	27
BC390	-0.271915204	A2402	AITEVECFL	2
BC390	-0.623390151	A2402	MLNIPSINV	64
BC390	-0.214138172	A2402	TLDYKPLSV	96
BC390	0.278815043	A2402	SLYNTIATL	89
BC390	-0.376141085	A2402	ALHTALATV	3
BC390	0.338231233	B0702	TPRVTGGGAM	101
BC390	2.834546755	B0702	ILKEPVHGV	40
BC390	-0.095776108	B0702	LLMWEAVTV	56
BC390	-0.212543465	B0702	FLTSVINRV	24
BC390	-1.181942582	B0702	GLNDYLHSV	34
BC390	-0.092228459	B0702	KLTPLCVTL	47
BC390	0.1367617	B0702	CLTEYILWV	11
BC390	-0.172164119	B0702	ALLGLTLGV	4
BC390	-0.066588868	B0702	RLNEVAKNL	75
BC390	-0.719381571	B0801	ELRSRYWAI	15
BC390	0.610093018	B0801	RAKFKQLL	72
BC390	4.477542511	B0801	ELRRKMMYM	14
BC390	-1.124748453	B0801	ILIEGIFFV	39
BC390	2.25254671	B0801	TLLYVLFEV	99
BC390	4.408628985	B0801	ALMGAVTSL	5
BC390	4.92577217	B0801	SLFNTIATL	82
BC390	2.31157878	B0801	SLFNTVAVL	85
BC390	-1.185368169	B0801	SLYNTVAVL	92
BC390	-0.902218736	B0801	LMWYELSKI	60
BC390	-0.414234071	B0801	FQQLFLNTL	28
BC390	0.811170459	B0801	ILDDNLYKV	38
BC390	0.203046478	B1501	GQGGSPTAM	35
BC390	0.795736955	B2705	ALSALLTKL	7
BC390	0.622881682	B2705	FLTCTDRSV	23
BC390	-0.350475449	B2705	TPRVTGGGAM	101
BC390	-1.049216699	B3501	IPSINVHHY	43
BC390	0.850476245	B3501	LLLGTLNIV	53
BC390	-0.646548291	B3501	FLVDAIVRVA	25
BC390	-1.419045737	B3501	SLMNVHSNG	87
BC390	-0.14971568	B3501	ALWALPHAA	8
BC390	-0.30233906	B3501	CVNGSCFTV	13
BC390	-0.839812885	B3501	LLNGWRWRL	57
BC390	-1.039064718	B3501	SLYNTIAVL	90
BC390	-0.02515183	B4001	TLLDHIRTA	98
BC390	-6.20016322	B4001	IVIEAIHTV	44
BC390	-0.816461221	B4001	SLPITVYYA	88
BC390	4.068173799	C0602	YLANGGFLI	106
BC390	7.837676928	C0702	FLGAGALAV	19
BC390	5.221258936	C0702	MMLRDRWSL	65
BC390	0.693470557	A0101	FTSDYYQLY	29
BC390	0.150681026	A0101	CTDDNALAYY	12
BC390	-0.81957377	A0101	TTDPSFLGRY	102
BC390	0.928931635	A0201	RLQSLQTYV	76
BC390	0.565621819	A0201	LLLDRLNQL	52
BC390	0.991634297	A0201	ALWEIQQVV	9
BC390	0.661048586	A0301	KCYGVSPTK	45
BC390	0.602312951	A0301	KTFPPTEPK	48
BC390	0.694435833	A2402	QYIKWPWYI	71
BC390	-0.382040756	B0702	IPRRNVATL	42
BC390	-1.116713343	B0702	SPRWYFYYL	93
BC390	-2.313673774	A0101	YRATTTYKL	112
BC390	-0.892593823	A0101	LLEVSVCQY	51
BC390	-0.547064039	A0101	NADYLYFHFY	66
BC390	0.766082119	A0201	LLNNVSYIV	58
BC390	0.952650619	A0201	LYYQNNVFM	62
BC390	0.264773715	A0201	FLSFKLMGI	22
BC390	-0.271076451	A0201	SLLSVTSVV	86
BC390	0.269122394	A0201	FLFSCIITA	18
BC390	-0.298578115	A0201	GVLKIVIEL	36
BC390	0.21361272	A0201	SIISGTAFL	80
BC390	-0.600782296	A0201	YLIAYISFA	107
BC390	0.321684823	A0201	LRIVSSLVL	61
BC390	0.53188356	B0702	HTPRHSFRTL	37
BC390	-0.235972525	B0702	MHTPRHSFRTL	63
BC390	-0.905573182	B0702	TPRHSFRTL	100
BC390	-0.369982104	B0701	plate48	70
BC390	-0.267929452	A0201	plate48	70
BC391	-1.221407284	A0101	YSEHPTFTSQY	113
BC391	-0.699607691	A0101	VTEHDTLLY	105
BC391	-0.738825317	A0101	VLEETSVML	104
BC391	-1.030921934	A0101	YVLDHLIVV	114
BC391	-1.345652818	A0101	SLYNTVATL	91
BC391	-0.37981683	A0101	YMLDLQPETT	111
BC391	-0.462829908	A0201	GILGFVFTL	31
BC391	-0.918875922	A0201	CLGGLLTMV	10
BC391	-0.887384152	A0201	GLCTLVAML	33
BC391	-1.376031584	A0201	FLYALALLL	26
BC391	2.185394191	A0201	NLVPMVATV	68
BC391	0.556423488	A0201	YVLDHLIVV	114
BC391	-0.629392079	A0201	FLYALALLL	26
BC391	-0.498162684	A0201	RLNELLAYV	74
BC391	0.337077291	A0201	RMLGDVMAV	78
BC391	-0.210065348	A0201	FLGDDPSPA	20
BC391	1.032757478	A0201	FLGGHVAVA	21
BC391	0.472770749	A0201	ILMWEAVTL	41
BC391	-0.27468672	A0201	SITEVECFL	81
BC391	-0.626144179	A0201	TIHDIILECV	95
BC391	-0.1866857	A0201	GIFEDRAPV	30
BC391	-0.346680362	A0201	TLGIVCPI	97
BC391	-0.728728754	A0201	NMLSTVLGV	69
BC391	1.814550011	A0201	NLLTTPKFT	67
BC391	-0.159643639	A0201	YLQQNWWTL	109
BC391	0.38299862	A0201	ALMLRLLRI	6
BC391	0.275726254	A0201	FIPQYLSAV	16
BC391	0.016514618	A0201	YLLEMLWRL	108
BC391	0.387261551	A0201	AIMDKNIIL	1
BC391	-0.681290478	A0201	LLDFVRFMGV	50
BC391	0.696614816	A0201	KVDDTFYYV	49
BC391	0.586819999	A0201	YMLDLQPET	110
BC391	0.249532296	A0201	LLLIWFRPV	54
BC391	0.240809138	A0201	SLFNTVATL	84
BC391	0.318621484	A0301	RLRAEAQVK	77
BC391	-0.291148025	A0301	RVRAYTYSK	79
BC391	0.536817185	A0301	LLWTLVVLL	59
BC391	-1.34062965	A2402	TYGPVFMCL	103
BC391	-0.488640893	A2402	GLADTVVAC	32
BC391	0.389078205	A2402	SVRDRLARL	94
BC391	-0.505889956	A2402	LLMGTLGIV	55
BC391	-0.854260466	A2402	KLPQLCTEL	46
BC391	-0.065002355	A2402	FLADAVVRL	17
BC391	-0.031349577000000003	A2402	RLLGFADTV	73
BC391	-0.290388774	A2402	SLFNTIAVL	83
BC391	-0.387081274	A2402	FMYSDFHFI	27
BC391	0.638912771	A2402	AITEVECFL	2
BC391	0.75450704	A2402	MLNIPSINV	64
BC391	0.141466351	A2402	TLDYKPLSV	96
BC391	0.35188825	A2402	SLYNTIATL	89
BC391	-0.413117217	A2402	ALHTALATV	3
BC391	0.006370165	B0702	TPRVTGGGAM	101
BC391	4.37338852	B0702	ILKEPVHGV	40
BC391	-1.17679085	B0702	LLMWEAVTV	56
BC391	2.219188202	B0702	FLTSVINRV	24
BC391	0.685445042	B0702	GLNDYLHSV	34
BC391	0.273859591	B0702	KLTPLCVTL	47
BC391	-0.088545375	B0702	CLTEYILWV	11
BC391	0.099943684	B0702	ALLGLTLGV	4
BC391	-0.537451343	B0702	RLNEVAKNL	75
BC391	-0.725816818	B0801	ELRSRYWAI	15
BC391	-1.48928684	B0801	RAKFKQLL	72
BC391	-0.710208188	B0801	ELRRKMMYM	14
BC391	-0.998924931	B0801	ILIEGIFFV	39
BC391	1.39114111	B0801	TLLYVLFEV	99
BC391	1.493111225	B0801	ALMGAVTSL	5
BC391	0.193883203	B0801	SLFNTIATL	82
BC391	4.25376125	B0801	SLFNTVAVL	85
BC391	-0.918752521	B0801	SLYNTVAVL	92
BC391	-0.162311606	B0801	LMWYELSKI	60
BC391	-1.633764544	B0801	FQQLFLNTL	28
BC391	0.267347662	B0801	ILDDNLYKV	38
BC391	0.758783958	B1501	GQGGSPTAM	35
BC391	1.476781981	B2705	ALSALLTKL	7
BC391	0.401081973	B2705	FLTCTDRSV	23
BC391	-0.676369224	B2705	TPRVTGGGAM	101
BC391	0.542863033	B3501	IPSINVHHY	43
BC391	2.818822727	B3501	LLLGTLNIV	53
BC391	1.221873215	B3501	FLVDAIVRVA	25
BC391	-0.069618677	B3501	SLMNVHSNG	87
BC391	-0.139562762	B3501	ALWALPHAA	8
BC391	0.04492767	B3501	CVNGSCFTV	13
BC391	-0.902782554	B3501	LLNGWRWRL	57
BC391	-0.852592242	B3501	SLYNTIAVL	90
BC391	0.94490699	B4001	TLLDHIRTA	98
BC391	2.385325121	B4001	IVIEAIHTV	44
BC391	0.805343708	B4001	SLPITVYYA	88
BC391	7.730192632	C0602	YLANGGFLI	106
BC391	3.779021833	C0702	FLGAGALAV	19
BC391	2.734000727	C0702	MMLRDRWSL	65
BC391	-0.391333489	A0101	FTSDYYQLY	29
BC391	-0.093182652	A0101	CTDDNALAYY	12
BC391	-0.856573942	A0101	TTDPSFLGRY	102
BC391	-0.584994741	A0201	RLQSLQTYV	76
BC391	0.305217385	A0201	LLLDRLNQL	52
BC391	0.584927359	A0201	ALWEIQQVV	9
BC391	0.24892147	A0301	KCYGVSPTK	45
BC391	0.246532354	A0301	KTFPPTEPK	48
BC391	0.364817643	A2402	QYIKWPWYI	71
BC391	-0.605879702	B0702	IPRRNVATL	42
BC391	-0.368660701	B0702	SPRWYFYYL	93
BC391	-0.648667649	A0101	YRATTTYKL	112
BC391	-0.229800539	A0101	LLEVSVCQY	51
BC391	0.681396469	A0101	NADYLYFHFY	66
BC391	0.223138976	A0201	LLNNVSYIV	58
BC391	0.130758132	A0201	LYYQNNVFM	62
BC391	-0.491331865	A0201	FLSFKLMGI	22
BC391	-0.809609839	A0201	SLLSVTSVV	86
BC391	-0.216305938	A0201	FLFSCIITA	18
BC391	-0.403273871	A0201	GVLKIVIEL	36
BC391	-1.274111691	A0201	SIISGTAFL	80
BC391	-0.086667559	A0201	YLIAYISFA	107
BC391	-0.382834402	A0201	LRIVSSLVL	61
BC391	1.581429012	B0702	HTPRHSFRTL	37
BC391	1.681228493	B0702	MHTPRHSFRTL	63
BC391	-0.914125471	B0702	TPRHSFRTL	100
BC391	0.138856818	B0701	plate48	70
BC391	1.571805591	A0201	plate48	70
BC393	-0.731504565	A0101	YSEHPTFTSQY	113
BC393	-0.631030591	A0101	VTEHDTLLY	105
BC393	-1.136469455	A0101	VLEETSVML	104
BC393	-1.245379082	A0101	YVLDHLIVV	114
BC393	-1.097212334	A0101	SLYNTVATL	91
BC393	-0.815160609	A0101	YMLDLQPETT	111
BC393	0.129846744	A0201	GILGFVFTL	31
BC393	-0.319885253	A0201	CLGGLLTMV	10
BC393	2.602878825	A0201	GLCTLVAML	33
BC393	0.323759233	A0201	FLYALALLL	26
BC393	2.213456956	A0201	NLVPMVATV	68
BC393	0.935260322	A0201	YVLDHLIVV	114
BC393	-0.159737367	A0201	FLYALALLL	26
BC393	-0.09766217	A0201	RLNELLAYV	74
BC393	0.215259107	A0201	RMLGDVMAV	78
BC393	0.239024829	A0201	FLGDDPSPA	20
BC393	1.674484811	A0201	FLGGHVAVA	21
BC393	0.814678684	A0201	ILMWEAVTL	41
BC393	1.126102456	A0201	SITEVECFL	81
BC393	-0.020108397	A0201	TIHDIILECV	95
BC393	-0.026999434	A0201	GIFEDRAPV	30
BC393	0.118688177	A0201	TLGIVCPI	97
BC393	-0.632320297	A0201	NMLSTVLGV	69
BC393	0.751995422	A0201	NLLTTPKFT	67
BC393	0.208399937	A0201	YLQQNWWTL	109
BC393	0.38492401	A0201	ALMLRLLRI	6
BC393	0.369109897	A0201	FIPQYLSAV	16
BC393	0.96308546	A0201	YLLEMLWRL	108
BC393	0.565856871	A0201	AIMDKNIIL	1
BC393	-0.230330541	A0201	LLDFVRFMGV	50
BC393	1.011743968	A0201	KVDDTFYYV	49
BC393	0.447382977	A0201	YMLDLQPET	110
BC393	0.562464224	A0201	LLLIWFRPV	54
BC393	0.429275531	A0201	SLFNTVATL	84
BC393	-0.307201877	A0301	RLRAEAQVK	77
BC393	0.400492376	A0301	RVRAYTYSK	79
BC393	0.637944166	A0301	LLWTLVVLL	59
BC393	-0.734643601	A2402	TYGPVFMCL	103
BC393	-0.64869149	A2402	GLADTVVAC	32
BC393	0.101070965	A2402	SVRDRLARL	94
BC393	-0.583196935	A2402	LLMGTLGIV	55
BC393	-0.758794583	A2402	KLPQLCTEL	46
BC393	-0.451774895	A2402	FLADAVVRL	17
BC393	0.810275741	A2402	RLLGFADTV	73
BC393	-0.326678614	A2402	SLFNTIAVL	83
BC393	-0.273323634	A2402	FMYSDFHFI	27
BC393	0.531068427	A2402	AITEVECFL	2
BC393	0.519947651	A2402	MLNIPSINV	64
BC393	-0.179590793	A2402	TLDYKPLSV	96
BC393	0.506220888	A2402	SLYNTIATL	89
BC393	-5.95499e-4	A2402	ALHTALATV	3
BC393	0.020779268	B0702	TPRVTGGGAM	101
BC393	-0.720279908	B0702	ILKEPVHGV	40
BC393	-1.046637914	B0702	LLMWEAVTV	56
BC393	-0.239522853	B0702	FLTSVINRV	24
BC393	-0.226779047	B0702	GLNDYLHSV	34
BC393	-0.5412315	B0702	KLTPLCVTL	47
BC393	-0.378363461	B0702	CLTEYILWV	11
BC393	-0.800876517	B0702	ALLGLTLGV	4
BC393	-0.15366649	B0702	RLNEVAKNL	75
BC393	-0.722419658	B0801	ELRSRYWAI	15
BC393	3.703041693	B0801	RAKFKQLL	72
BC393	-1.354397661	B0801	ELRRKMMYM	14
BC393	-1.278234166	B0801	ILIEGIFFV	39
BC393	1.277050052	B0801	TLLYVLFEV	99
BC393	1.295968725	B0801	ALMGAVTSL	5
BC393	0.504310526	B0801	SLFNTIATL	82
BC393	-0.481142897	B0801	SLFNTVAVL	85
BC393	-0.671441766	B0801	SLYNTVAVL	92
BC393	-0.438878538	B0801	LMWYELSKI	60
BC393	-0.735594639	B0801	FQQLFLNTL	28
BC393	-0.419009603	B0801	ILDDNLYKV	38
BC393	0.684980622	B1501	GQGGSPTAM	35
BC393	2.31161558	B2705	ALSALLTKL	7
BC393	2.095177342	B2705	FLTCTDRSV	23
BC393	-0.713790669	B2705	TPRVTGGGAM	101
BC393	0.646849876	B3501	IPSINVHHY	43
BC393	2.231197147	B3501	LLLGTLNIV	53
BC393	0.420188585	B3501	FLVDAIVRVA	25
BC393	-0.861426689	B3501	SLMNVHSNG	87
BC393	-1.088800046	B3501	ALWALPHAA	8
BC393	-0.260326592	B3501	CVNGSCFTV	13
BC393	-0.842453116	B3501	LLNGWRWRL	57
BC393	-0.895062569	B3501	SLYNTIAVL	90
BC393	0.055753205	B4001	TLLDHIRTA	98
BC393	1.037914549	B4001	IVIEAIHTV	44
BC393	-0.30424478	B4001	SLPITVYYA	88
BC393	3.861879738	C0602	YLANGGFLI	106
BC393	0.629567058	C0702	FLGAGALAV	19
BC393	0.681298808	C0702	MMLRDRWSL	65
BC393	-0.277377862	A0101	FTSDYYQLY	29
BC393	5.50660407	A0101	CTDDNALAYY	12
BC393	-0.760265257	A0101	TTDPSFLGRY	102
BC393	-0.119438686	A0201	RLQSLQTYV	76
BC393	-0.002544403	A0201	LLLDRLNQL	52
BC393	-0.045777269	A0201	ALWEIQQVV	9
BC393	0.222854349	A0301	KCYGVSPTK	45
BC393	0.492182875	A0301	KTFPPTEPK	48
BC393	0.536338214	A2402	QYIKWPWYI	71
BC393	-0.347948652	B0702	IPRRNVATL	42
BC393	-0.475196474	B0702	SPRWYFYYL	93
BC393	-0.739087526	A0101	YRATTTYKL	112
BC393	-0.47261226	A0101	LLEVSVCQY	51
BC393	0.079947281	A0101	NADYLYFHFY	66
BC393	0.637390318	A0201	LLNNVSYIV	58
BC393	0.589521282	A0201	LYYQNNVFM	62
BC393	0.295709936	A0201	FLSFKLMGI	22
BC393	-0.051755237	A0201	SLLSVTSVV	86
BC393	0.045898417	A0201	FLFSCIITA	18
BC393	7.42408e-4	A0201	GVLKIVIEL	36
BC393	-0.354537856	A0201	SIISGTAFL	80
BC393	-0.004023408	A0201	YLIAYISFA	107
BC393	0.061986559	A0201	LRIVSSLVL	61
BC393	-0.217637187	B0702	HTPRHSFRTL	37
BC393	-0.458454789	B0702	MHTPRHSFRTL	63
BC393	-0.991349206	B0702	TPRHSFRTL	100
BC393	0.660451801	B0701	plate48	70
BC393	-0.53312666	A0201	plate48	70
BC394	-0.405248503	A0101	YSEHPTFTSQY	113
BC394	0.083753699	A0101	VTEHDTLLY	105
BC394	-0.565365898	A0101	VLEETSVML	104
BC394	-0.63609803	A0101	YVLDHLIVV	114
BC394	-0.292109716	A0101	SLYNTVATL	91
BC394	-0.047427667	A0101	YMLDLQPETT	111
BC394	0.188239871	A0201	GILGFVFTL	31
BC394	0.170296316	A0201	CLGGLLTMV	10
BC394	0.684450263	A0201	GLCTLVAML	33
BC394	0.41841645	A0201	FLYALALLL	26
BC394	4.297741569	A0201	NLVPMVATV	68
BC394	0.687857003	A0201	YVLDHLIVV	114
BC394	0.42551645	A0201	FLYALALLL	26
BC394	0.18111988	A0201	RLNELLAYV	74
BC394	0.387124315	A0201	RMLGDVMAV	78
BC394	0.555449147	A0201	FLGDDPSPA	20
BC394	1.08101231	A0201	FLGGHVAVA	21
BC394	0.798060433	A0201	ILMWEAVTL	41
BC394	0.159425592	A0201	SITEVECFL	81
BC394	0.432721186	A0201	TIHDIILECV	95
BC394	0.098327012	A0201	GIFEDRAPV	30
BC394	-0.157523051	A0201	TLGIVCPI	97
BC394	-0.20044411	A0201	NMLSTVLGV	69
BC394	0.626903246	A0201	NLLTTPKFT	67
BC394	0.68012449	A0201	YLQQNWWTL	109
BC394	0.672912985	A0201	ALMLRLLRI	6
BC394	0.881762914	A0201	FIPQYLSAV	16
BC394	1.205275324	A0201	YLLEMLWRL	108
BC394	0.248468019	A0201	AIMDKNIIL	1
BC394	0.07701566	A0201	LLDFVRFMGV	50
BC394	0.183574112	A0201	KVDDTFYYV	49
BC394	0.511058491	A0201	YMLDLQPET	110
BC394	0.825045701	A0201	LLLIWFRPV	54
BC394	0.895207942	A0201	SLFNTVATL	84
BC394	-0.104595992	A0301	RLRAEAQVK	77
BC394	0.866445909	A0301	RVRAYTYSK	79
BC394	-0.498871249	A0301	LLWTLVVLL	59
BC394	-0.759005146	A2402	TYGPVFMCL	103
BC394	-0.34674336	A2402	GLADTVVAC	32
BC394	0.092575319	A2402	SVRDRLARL	94
BC394	-0.312125765	A2402	LLMGTLGIV	55
BC394	-0.257361465	A2402	KLPQLCTEL	46
BC394	-0.069422185	A2402	FLADAVVRL	17
BC394	1.25290546	A2402	RLLGFADTV	73
BC394	-0.464483044	A2402	SLFNTIAVL	83
BC394	-0.789368482	A2402	FMYSDFHFI	27
BC394	-0.271263951	A2402	AITEVECFL	2
BC394	-0.261082445	A2402	MLNIPSINV	64
BC394	-0.225556997	A2402	TLDYKPLSV	96
BC394	0.362548986	A2402	SLYNTIATL	89
BC394	-0.167558342	A2402	ALHTALATV	3
BC394	0.224600413	B0702	TPRVTGGGAM	101
BC394	-0.828834448	B0702	ILKEPVHGV	40
BC394	-1.265220102	B0702	LLMWEAVTV	56
BC394	-0.748119956	B0702	FLTSVINRV	24
BC394	-0.74488099	B0702	GLNDYLHSV	34
BC394	-0.578345034	B0702	KLTPLCVTL	47
BC394	-0.36618622	B0702	CLTEYILWV	11
BC394	-0.501610293	B0702	ALLGLTLGV	4
BC394	0.529716466	B0702	RLNEVAKNL	75
BC394	-1.174219761	B0801	ELRSRYWAI	15
BC394	-1.454107186	B0801	RAKFKQLL	72
BC394	-1.442990503	B0801	ELRRKMMYM	14
BC394	-1.3884814	B0801	ILIEGIFFV	39
BC394	0.18328592	B0801	TLLYVLFEV	99
BC394	0.393154166	B0801	ALMGAVTSL	5
BC394	-0.287558509	B0801	SLFNTIATL	82
BC394	0.042255773	B0801	SLFNTVAVL	85
BC394	-1.354773773	B0801	SLYNTVAVL	92
BC394	-0.884907764	B0801	LMWYELSKI	60
BC394	-1.159695706	B0801	FQQLFLNTL	28
BC394	-0.435034928	B0801	ILDDNLYKV	38
BC394	0.196839839	B1501	GQGGSPTAM	35
BC394	0.573212622	B2705	ALSALLTKL	7
BC394	-0.135754529	B2705	FLTCTDRSV	23
BC394	-0.101513619	B2705	TPRVTGGGAM	101
BC394	-0.562416565	B3501	IPSINVHHY	43
BC394	0.845363156	B3501	LLLGTLNIV	53
BC394	-0.179755036	B3501	FLVDAIVRVA	25
BC394	-0.835638802	B3501	SLMNVHSNG	87
BC394	-0.813303546	B3501	ALWALPHAA	8
BC394	-0.419547353	B3501	CVNGSCFTV	13
BC394	-0.514508606	B3501	LLNGWRWRL	57
BC394	-0.698674317	B3501	SLYNTIAVL	90
BC394	-0.009677003	B4001	TLLDHIRTA	98
BC394	-0.307979461	B4001	IVIEAIHTV	44
BC394	-0.267395005	B4001	SLPITVYYA	88
BC394	2.59952952	C0602	YLANGGFLI	106
BC394	1.137745727	C0702	FLGAGALAV	19
BC394	0.993635739	C0702	MMLRDRWSL	65
BC394	0.096248946	A0101	FTSDYYQLY	29
BC394	0.128342125	A0101	CTDDNALAYY	12
BC394	-0.275663087	A0101	TTDPSFLGRY	102
BC394	0.209224053	A0201	RLQSLQTYV	76
BC394	0.046976309	A0201	LLLDRLNQL	52
BC394	0.330691453	A0201	ALWEIQQVV	9
BC394	-0.08629257	A0301	KCYGVSPTK	45
BC394	0.621775593	A0301	KTFPPTEPK	48
BC394	0.588410327	A2402	QYIKWPWYI	71
BC394	-0.33244529	B0702	IPRRNVATL	42
BC394	-0.732946946	B0702	SPRWYFYYL	93
BC394	-0.063088993	A0101	YRATTTYKL	112
BC394	-0.199152382	A0101	LLEVSVCQY	51
BC394	-0.128729382	A0101	NADYLYFHFY	66
BC394	0.79614296	A0201	LLNNVSYIV	58
BC394	1.126013894	A0201	LYYQNNVFM	62
BC394	0.937137131	A0201	FLSFKLMGI	22
BC394	0.022123019	A0201	SLLSVTSVV	86
BC394	0.374443713	A0201	FLFSCIITA	18
BC394	0.118831971	A0201	GVLKIVIEL	36
BC394	-0.248375041	A0201	SIISGTAFL	80
BC394	0.038237588	A0201	YLIAYISFA	107
BC394	0.500223176	A0201	LRIVSSLVL	61
BC394	0.678342011	B0702	HTPRHSFRTL	37
BC394	0.020063492	B0702	MHTPRHSFRTL	63
BC394	-0.452667183	B0702	TPRHSFRTL	100
BC394	-0.206439111	B0701	plate48	70
BC394	0.175157008	A0201	plate48	70
BC395	-1.095980245	A0101	YSEHPTFTSQY	113
BC395	-1.090529429	A0101	VTEHDTLLY	105
BC395	-1.642637074	A0101	VLEETSVML	104
BC395	-1.156950129	A0101	YVLDHLIVV	114
BC395	-0.746876808	A0101	SLYNTVATL	91
BC395	0.031933579	A0101	YMLDLQPETT	111
BC395	-0.283003576	A0201	GILGFVFTL	31
BC395	-0.400985457	A0201	CLGGLLTMV	10
BC395	-0.17444621	A0201	GLCTLVAML	33
BC395	-5.22976e-4	A0201	FLYALALLL	26
BC395	2.271760039	A0201	NLVPMVATV	68
BC395	1.499850532	A0201	YVLDHLIVV	114
BC395	0.056638768	A0201	FLYALALLL	26
BC395	-0.485963469	A0201	RLNELLAYV	74
BC395	0.668034309	A0201	RMLGDVMAV	78
BC395	1.851446039	A0201	FLGDDPSPA	20
BC395	1.603012636	A0201	FLGGHVAVA	21
BC395	0.863452986	A0201	ILMWEAVTL	41
BC395	0.370447825	A0201	SITEVECFL	81
BC395	-0.541211969	A0201	TIHDIILECV	95
BC395	-0.493102334	A0201	GIFEDRAPV	30
BC395	-0.14660894	A0201	TLGIVCPI	97
BC395	-0.299789605	A0201	NMLSTVLGV	69
BC395	1.81841408	A0201	NLLTTPKFT	67
BC395	0.078220508	A0201	YLQQNWWTL	109
BC395	0.521137472	A0201	ALMLRLLRI	6
BC395	0.488712835	A0201	FIPQYLSAV	16
BC395	0.223247332	A0201	YLLEMLWRL	108
BC395	0.106331479	A0201	AIMDKNIIL	1
BC395	-0.813137439	A0201	LLDFVRFMGV	50
BC395	2.908345972	A0201	KVDDTFYYV	49
BC395	0.096860086	A0201	YMLDLQPET	110
BC395	0.655098876	A0201	LLLIWFRPV	54
BC395	1.21812508	A0201	SLFNTVATL	84
BC395	0.201538936	A0301	RLRAEAQVK	77
BC395	-0.017174609	A0301	RVRAYTYSK	79
BC395	0.587997669	A0301	LLWTLVVLL	59
BC395	-1.170083062	A2402	TYGPVFMCL	103
BC395	0.316084584	A2402	GLADTVVAC	32
BC395	0.558055612	A2402	SVRDRLARL	94
BC395	-1.045986401	A2402	LLMGTLGIV	55
BC395	-0.937455596	A2402	KLPQLCTEL	46
BC395	-0.345977249	A2402	FLADAVVRL	17
BC395	0.460206762	A2402	RLLGFADTV	73
BC395	-0.691377232	A2402	SLFNTIAVL	83
BC395	-0.180392405	A2402	FMYSDFHFI	27
BC395	0.396880794	A2402	AITEVECFL	2
BC395	0.296023328	A2402	MLNIPSINV	64
BC395	-0.161970189	A2402	TLDYKPLSV	96
BC395	0.729220538	A2402	SLYNTIATL	89
BC395	-0.168314743	A2402	ALHTALATV	3
BC395	0.217397567	B0702	TPRVTGGGAM	101
BC395	-1.452841586	B0702	ILKEPVHGV	40
BC395	-1.461824444	B0702	LLMWEAVTV	56
BC395	-0.61397694	B0702	FLTSVINRV	24
BC395	-0.17283003	B0702	GLNDYLHSV	34
BC395	-1.038313213	B0702	KLTPLCVTL	47
BC395	0.121919366	B0702	CLTEYILWV	11
BC395	-0.223741804	B0702	ALLGLTLGV	4
BC395	-0.274338992	B0702	RLNEVAKNL	75
BC395	-1.183910951	B0801	ELRSRYWAI	15
BC395	2.305807908	B0801	RAKFKQLL	72
BC395	-0.578298343	B0801	ELRRKMMYM	14
BC395	-0.994309003	B0801	ILIEGIFFV	39
BC395	1.503735358	B0801	TLLYVLFEV	99
BC395	1.689520231	B0801	ALMGAVTSL	5
BC395	-0.014858963	B0801	SLFNTIATL	82
BC395	-0.883030737	B0801	SLFNTVAVL	85
BC395	-0.793237862	B0801	SLYNTVAVL	92
BC395	-0.194273293	B0801	LMWYELSKI	60
BC395	-0.502312022	B0801	FQQLFLNTL	28
BC395	-0.246697239	B0801	ILDDNLYKV	38
BC395	0.585177971	B1501	GQGGSPTAM	35
BC395	1.822450934	B2705	ALSALLTKL	7
BC395	0.848693925	B2705	FLTCTDRSV	23
BC395	-0.679575148	B2705	TPRVTGGGAM	101
BC395	0.445525892	B3501	IPSINVHHY	43
BC395	2.439630192	B3501	LLLGTLNIV	53
BC395	0.541935252	B3501	FLVDAIVRVA	25
BC395	-0.571303746	B3501	SLMNVHSNG	87
BC395	-1.28805209	B3501	ALWALPHAA	8
BC395	0.075290389	B3501	CVNGSCFTV	13
BC395	-0.99424944	B3501	LLNGWRWRL	57
BC395	-0.926407705	B3501	SLYNTIAVL	90
BC395	0.294603449	B4001	TLLDHIRTA	98
BC395	0.141247976	B4001	IVIEAIHTV	44
BC395	0.239520709	B4001	SLPITVYYA	88
BC395	4.429450504	C0602	YLANGGFLI	106
BC395	1.872193771	C0702	FLGAGALAV	19
BC395	1.095570114	C0702	MMLRDRWSL	65
BC395	-0.298753312	A0101	FTSDYYQLY	29
BC395	0.643175247	A0101	CTDDNALAYY	12
BC395	-1.016331459	A0101	TTDPSFLGRY	102
BC395	-0.037599774	A0201	RLQSLQTYV	76
BC395	-0.058129655	A0201	LLLDRLNQL	52
BC395	-0.479541584	A0201	ALWEIQQVV	9
BC395	0.175521034	A0301	KCYGVSPTK	45
BC395	0.857381591	A0301	KTFPPTEPK	48
BC395	0.884729115	A2402	QYIKWPWYI	71
BC395	-0.444808668	B0702	IPRRNVATL	42
BC395	-0.698729726	B0702	SPRWYFYYL	93
BC395	-1.333299988	A0101	YRATTTYKL	112
BC395	-0.763729409	A0101	LLEVSVCQY	51
BC395	2.994148097	A0101	NADYLYFHFY	66
BC395	1.575816182	A0201	LLNNVSYIV	58
BC395	5.460344443	A0201	LYYQNNVFM	62
BC395	5.287859866	A0201	FLSFKLMGI	22
BC395	-0.494405428	A0201	SLLSVTSVV	86
BC395	-0.085781444	A0201	FLFSCIITA	18
BC395	0.387030777	A0201	GVLKIVIEL	36
BC395	-0.012238103	A0201	SIISGTAFL	80
BC395	0.380721951	A0201	YLIAYISFA	107
BC395	0.397111043	A0201	LRIVSSLVL	61
BC395	-0.225767002	B0702	HTPRHSFRTL	37
BC395	-0.874110038	B0702	MHTPRHSFRTL	63
BC395	-0.923394934	B0702	TPRHSFRTL	100
BC395	0.051621469	B0701	plate48	70
BC395	-0.674958108	A0201	plate48	70
BC392	-0.763369582	A0101	YSEHPTFTSQY	113
BC392	-1.060902348	A0101	VTEHDTLLY	105
BC392	-1.098286268	A0101	VLEETSVML	104
BC392	-0.905595908	A0101	YVLDHLIVV	114
BC392	-1.151003196	A0101	SLYNTVATL	91
BC392	-0.914305743	A0101	YMLDLQPETT	111
BC392	3.543469247	A0201	GILGFVFTL	31
BC392	-0.33533938	A0201	CLGGLLTMV	10
BC392	0.073998336	A0201	GLCTLVAML	33
BC392	0.79647867	A0201	FLYALALLL	26
BC392	2.987802389	A0201	NLVPMVATV	68
BC392	2.0527597	A0201	YVLDHLIVV	114
BC392	0.433530878	A0201	FLYALALLL	26
BC392	-0.946370489	A0201	RLNELLAYV	74
BC392	0.279043068	A0201	RMLGDVMAV	78
BC392	0.986956248	A0201	FLGDDPSPA	20
BC392	2.192506624	A0201	FLGGHVAVA	21
BC392	0.718193351	A0201	ILMWEAVTL	41
BC392	0.115675785	A0201	SITEVECFL	81
BC392	-0.73020356	A0201	TIHDIILECV	95
BC392	-0.852962525	A0201	GIFEDRAPV	30
BC392	0.842395304	A0201	TLGIVCPI	97
BC392	-0.503314771	A0201	NMLSTVLGV	69
BC392	1.722616481	A0201	NLLTTPKFT	67
BC392	0.03589294	A0201	YLQQNWWTL	109
BC392	0.62264515	A0201	ALMLRLLRI	6
BC392	0.137830021	A0201	FIPQYLSAV	16
BC392	-0.129762024	A0201	YLLEMLWRL	108
BC392	1.002527466	A0201	AIMDKNIIL	1
BC392	-0.444565774	A0201	LLDFVRFMGV	50
BC392	2.105822741	A0201	KVDDTFYYV	49
BC392	0.544468415	A0201	YMLDLQPET	110
BC392	-0.041009207	A0201	LLLIWFRPV	54
BC392	0.322823782	A0201	SLFNTVATL	84
BC392	-0.248978689	A0301	RLRAEAQVK	77
BC392	-0.527253362	A0301	RVRAYTYSK	79
BC392	1.086829803	A0301	LLWTLVVLL	59
BC392	-1.721919936	A2402	TYGPVFMCL	103
BC392	-0.089481193	A2402	GLADTVVAC	32
BC392	0.607873081	A2402	SVRDRLARL	94
BC392	-0.719611199	A2402	LLMGTLGIV	55
BC392	-0.884266991	A2402	KLPQLCTEL	46
BC392	-0.154431135	A2402	FLADAVVRL	17
BC392	0.040014371	A2402	RLLGFADTV	73
BC392	-0.260337247	A2402	SLFNTIAVL	83
BC392	0.307634679	A2402	FMYSDFHFI	27
BC392	1.031944153	A2402	AITEVECFL	2
BC392	0.921627151	A2402	MLNIPSINV	64
BC392	0.65268973	A2402	TLDYKPLSV	96
BC392	1.116649395	A2402	SLYNTIATL	89
BC392	-0.291245994	A2402	ALHTALATV	3
BC392	-0.085773915	B0702	TPRVTGGGAM	101
BC392	-0.428454624	B0702	ILKEPVHGV	40
BC392	-0.684839598	B0702	LLMWEAVTV	56
BC392	0.874046426	B0702	FLTSVINRV	24
BC392	0.137281988	B0702	GLNDYLHSV	34
BC392	-0.284525794	B0702	KLTPLCVTL	47
BC392	-0.607676722	B0702	CLTEYILWV	11
BC392	-0.069880198	B0702	ALLGLTLGV	4
BC392	-0.668325494	B0702	RLNEVAKNL	75
BC392	-0.165998645	B0801	ELRSRYWAI	15
BC392	0.725838991	B0801	RAKFKQLL	72
BC392	-0.778626829	B0801	ELRRKMMYM	14
BC392	-1.24310714	B0801	ILIEGIFFV	39
BC392	2.440585161	B0801	TLLYVLFEV	99
BC392	2.420245922	B0801	ALMGAVTSL	5
BC392	1.239112765	B0801	SLFNTIATL	82
BC392	-0.980765996	B0801	SLFNTVAVL	85
BC392	-0.622793279	B0801	SLYNTVAVL	92
BC392	0.94079546	B0801	LMWYELSKI	60
BC392	-0.293473998	B0801	FQQLFLNTL	28
BC392	0.188299237	B0801	ILDDNLYKV	38
BC392	1.257104014	B1501	GQGGSPTAM	35
BC392	2.336248242	B2705	ALSALLTKL	7
BC392	-0.151429094	B2705	FLTCTDRSV	23
BC392	-0.938929641	B2705	TPRVTGGGAM	101
BC392	1.801974127	B3501	IPSINVHHY	43
BC392	3.743967244	B3501	LLLGTLNIV	53
BC392	1.832768748	B3501	FLVDAIVRVA	25
BC392	-0.631546914	B3501	SLMNVHSNG	87
BC392	-0.992916579	B3501	ALWALPHAA	8
BC392	0.483789861	B3501	CVNGSCFTV	13
BC392	-0.323791071	B3501	LLNGWRWRL	57
BC392	-0.688420867	B3501	SLYNTIAVL	90
BC392	0.759874624	B4001	TLLDHIRTA	98
BC392	-1.351178314	B4001	IVIEAIHTV	44
BC392	0.411791833	B4001	SLPITVYYA	88
BC392	3.742526025	C0602	YLANGGFLI	106
BC392	1.156549876	C0702	FLGAGALAV	19
BC392	1.222982208	C0702	MMLRDRWSL	65
BC392	-0.080233288	A0101	FTSDYYQLY	29
BC392	-0.469016986	A0101	CTDDNALAYY	12
BC392	-0.767877466	A0101	TTDPSFLGRY	102
BC392	-0.353734948	A0201	RLQSLQTYV	76
BC392	0.389636903	A0201	LLLDRLNQL	52
BC392	-0.569336818	A0201	ALWEIQQVV	9
BC392	-0.208393332	A0301	KCYGVSPTK	45
BC392	0.504556232	A0301	KTFPPTEPK	48
BC392	0.610588359	A2402	QYIKWPWYI	71
BC392	0.174092639	B0702	IPRRNVATL	42
BC392	-0.538774573	B0702	SPRWYFYYL	93
BC392	-0.776624532	A0101	YRATTTYKL	112
BC392	0.01285814	A0101	LLEVSVCQY	51
BC392	0.452694003	A0101	NADYLYFHFY	66
BC392	0.42616514	A0201	LLNNVSYIV	58
BC392	0.810669205	A0201	LYYQNNVFM	62
BC392	0.048120317	A0201	FLSFKLMGI	22
BC392	-0.58809857	A0201	SLLSVTSVV	86
BC392	-0.57922114	A0201	FLFSCIITA	18
BC392	-0.498951371	A0201	GVLKIVIEL	36
BC392	-1.031824658	A0201	SIISGTAFL	80
BC392	0.120903698	A0201	YLIAYISFA	107
BC392	-0.413334339	A0201	LRIVSSLVL	61
BC392	-0.508294885	B0702	HTPRHSFRTL	37
BC392	-0.812442893	B0702	MHTPRHSFRTL	63
BC392	-0.971173863	B0702	TPRHSFRTL	100
BC392	0.514363181	B0701	plate48	70
BC392	-0.87342679	A0201	plate48	70
NTC (H2O)	-10.01535708	A0101	YSEHPTFTSQY	113
NTC (H2O)	-10.6763297	A0101	VTEHDTLLY	105
NTC (H2O)	-9.845403219	A0101	VLEETSVML	104
NTC (H2O)	-10.33418731	A0101	YVLDHLIVV	114
NTC (H2O)	-10.45216102	A0101	SLYNTVATL	91
NTC (H2O)	-10.82780077	A0101	YMLDLQPETT	111
NTC (H2O)	-10.63684161	A0201	GILGFVFTL	31
NTC (H2O)	-11.38062447	A0201	CLGGLLTMV	10
NTC (H2O)	-9.724359728	A0201	GLCTLVAML	33
NTC (H2O)	-9.586495934	A0201	FLYALALLL	26
NTC (H2O)	-8.617607723	A0201	NLVPMVATV	68
NTC (H2O)	-8.864776801	A0201	YVLDHLIVV	114
NTC (H2O)	-10.02184032	A0201	FLYALALLL	26
NTC (H2O)	-9.0557484	A0201	RLNELLAYV	74
NTC (H2O)	-7.937851829	A0201	RMLGDVMAV	78
NTC (H2O)	-9.573470766	A0201	FLGDDPSPA	20
NTC (H2O)	-11.5751337	A0201	FLGGHVAVA	21
NTC (H2O)	-10.78218584	A0201	ILMWEAVTL	41
NTC (H2O)	-10.69468386	A0201	SITEVECFL	81
NTC (H2O)	-12.08053607	A0201	TIHDIILECV	95
NTC (H2O)	-9.889129389	A0201	GIFEDRAPV	30
NTC (H2O)	-9.767695451	A0201	TLGIVCPI	97
NTC (H2O)	-11.60528197	A0201	NMLSTVLGV	69
NTC (H2O)	-8.828005667	A0201	NLLTTPKFT	67
NTC (H2O)	-11.36621953	A0201	YLQQNWWTL	109
NTC (H2O)	-11.62129616	A0201	ALMLRLLRI	6
NTC (H2O)	-10.68101485	A0201	FIPQYLSAV	16
NTC (H2O)	-11.86996035	A0201	YLLEMLWRL	108
NTC (H2O)	-10.8597436	A0201	AIMDKNIIL	1
NTC (H2O)	-10.786631	A0201	LLDFVRFMGV	50
NTC (H2O)	-9.921283863	A0201	KVDDTFYYV	49
NTC (H2O)	-11.04284987	A0201	YMLDLQPET	110
NTC (H2O)	-11.60069779	A0201	LLLIWFRPV	54
NTC (H2O)	-11.50616244	A0201	SLFNTVATL	84
NTC (H2O)	-10.94422626	A0301	RLRAEAQVK	77
NTC (H2O)	-12.17761342	A0301	RVRAYTYSK	79
NTC (H2O)	-10.32948372	A0301	LLWTLVVLL	59
NTC (H2O)	-10.29930055	A2402	TYGPVFMCL	103
NTC (H2O)	-10.16761588	A2402	GLADTVVAC	32
NTC (H2O)	-9.698693154	A2402	SVRDRLARL	94
NTC (H2O)	-12.1046284	A2402	LLMGTLGIV	55
NTC (H2O)	-12.07710473	A2402	KLPQLCTEL	46
NTC (H2O)	-11.26336596	A2402	FLADAVVRL	17
NTC (H2O)	-12.25797198	A2402	RLLGFADTV	73
NTC (H2O)	-10.9919732	A2402	SLFNTIAVL	83
NTC (H2O)	-10.98001922	A2402	FMYSDFHFI	27
NTC (H2O)	-10.49202322	A2402	AITEVECFL	2
NTC (H2O)	-10.34148072	A2402	MLNIPSINV	64
NTC (H2O)	-11.64988222	A2402	TLDYKPLSV	96
NTC (H2O)	-11.36088317	A2402	SLYNTIATL	89
NTC (H2O)	-10.96794259	A2402	ALHTALATV	3
NTC (H2O)	-11.53507199	B0702	TPRVTGGGAM	101
NTC (H2O)	-10.19194668	B0702	ILKEPVHGV	40
NTC (H2O)	-10.13547953	B0702	LLMWEAVTV	56
NTC (H2O)	-10.25224154	B0702	FLTSVINRV	24
NTC (H2O)	-9.776445945	B0702	GLNDYLHSV	34
NTC (H2O)	-12.03139583	B0702	KLTPLCVTL	47
NTC (H2O)	-11.94921447	B0702	CLTEYILWV	11
NTC (H2O)	-11.32660742	B0702	ALLGLTLGV	4
NTC (H2O)	-11.30715449	B0702	RLNEVAKNL	75
NTC (H2O)	-10.49629497	B0801	ELRSRYWAI	15
NTC (H2O)	-10.63049076	B0801	RAKFKQLL	72
NTC (H2O)	-10.52436228	B0801	ELRRKMMYM	14
NTC (H2O)	-10.58011993	B0801	ILIEGIFFV	39
NTC (H2O)	0.062806879	B0801	TLLYVLFEV	99
NTC (H2O)	-11.58006683	B0801	ALMGAVTSL	5
NTC (H2O)	-10.60876409	B0801	SLFNTIATL	82
NTC (H2O)	-11.520427	B0801	SLFNTVAVL	85
NTC (H2O)	-10.12701859	B0801	SLYNTVAVL	92
NTC (H2O)	-10.49491989	B0801	LMWYELSKI	60
NTC (H2O)	-10.19115996	B0801	FQQLFLNTL	28
NTC (H2O)	-10.38700381	B0801	ILDDNLYKV	38
NTC (H2O)	-10.73649539	B1501	GQGGSPTAM	35
NTC (H2O)	-10.65817193	B2705	ALSALLTKL	7
NTC (H2O)	-10.03304661	B2705	FLTCTDRSV	23
NTC (H2O)	-11.65241163	B2705	TPRVTGGGAM	101
NTC (H2O)	-9.355028207	B3501	IPSINVHHY	43
NTC (H2O)	-8.742351047	B3501	LLLGTLNIV	53
NTC (H2O)	-8.952397688	B3501	FLVDAIVRVA	25
NTC (H2O)	-9.724830801	B3501	SLMNVHSNG	87
NTC (H2O)	-11.92542746	B3501	ALWALPHAA	8
NTC (H2O)	-11.38863859	B3501	CVNGSCFTV	13
NTC (H2O)	-11.05990352	B3501	LLNGWRWRL	57
NTC (H2O)	-11.34154751	B3501	SLYNTIAVL	90
NTC (H2O)	-10.24526982	B4001	TLLDHIRTA	98
NTC (H2O)	-6.122255231	B4001	IVIEAIHTV	44
NTC (H2O)	-10.47321659	B4001	SLPITVYYA	88
NTC (H2O)	-10.47277477	C0602	YLANGGFLI	106
NTC (H2O)	-11.88197883	C0702	FLGAGALAV	19
NTC (H2O)	-11.48434733	C0702	MMLRDRWSL	65
NTC (H2O)	-10.7239228	A0101	FTSDYYQLY	29
NTC (H2O)	-10.26722856	A0101	CTDDNALAYY	12
NTC (H2O)	-10.41227804	A0101	TTDPSFLGRY	102
NTC (H2O)	-10.74213719	A0201	RLQSLQTYV	76
NTC (H2O)	-10.21052453	A0201	LLLDRLNQL	52
NTC (H2O)	-10.18486239	A0201	ALWEIQQVV	9
NTC (H2O)	-10.19911853	A0301	KCYGVSPTK	45
NTC (H2O)	-11.4719916	A0301	KTFPPTEPK	48
NTC (H2O)	-10.70434896	A2402	QYIKWPWYI	71
NTC (H2O)	-11.68397642	B0702	IPRRNVATL	42
NTC (H2O)	-10.42030376	B0702	SPRWYFYYL	93
NTC (H2O)	-9.043158239	A0101	YRATTTYKL	112
NTC (H2O)	-10.48529532	A0101	LLEVSVCQY	51
NTC (H2O)	-9.681037203	A0101	NADYLYFHFY	66
NTC (H2O)	-11.38806031	A0201	LLNNVSYIV	58
NTC (H2O)	-10.94737629	A0201	LYYQNNVFM	62
NTC (H2O)	-9.91232664	A0201	FLSFKLMGI	22
NTC (H2O)	-11.87871426	A0201	SLLSVTSVV	86
NTC (H2O)	-10.07290131	A0201	FLFSCIITA	18
NTC (H2O)	-9.824280784	A0201	GVLKIVIEL	36
NTC (H2O)	-10.34506324	A0201	SIISGTAFL	80
NTC (H2O)	-10.43422166	A0201	YLIAYISFA	107
NTC (H2O)	-11.26966688	A0201	LRIVSSLVL	61
NTC (H2O)	-11.18496402	B0702	HTPRHSFRTL	37
NTC (H2O)	-9.369968281	B0702	MHTPRHSFRTL	63
NTC (H2O)	-11.73823075	B0702	TPRHSFRTL	100
NTC (H2O)	-11.56812429	B0701	plate48	70
NTC (H2O)	-11.23298106	A0201	plate48	70
NTC (BCB)	-10.01595966	A0101	YSEHPTFTSQY	113
NTC (BCB)	0.054823233	A0101	VTEHDTLLY	105
NTC (BCB)	-9.846005728	A0101	VLEETSVML	104
NTC (BCB)	-10.33479001	A0101	YVLDHLIVV	114
NTC (BCB)	-10.45276376	A0101	SLYNTVATL	91
NTC (BCB)	-10.8284036	A0101	YMLDLQPETT	111
NTC (BCB)	-10.6374444	A0201	GILGFVFTL	31
NTC (BCB)	-11.38122741	A0201	CLGGLLTMV	10
NTC (BCB)	-9.724962181	A0201	GLCTLVAML	33
NTC (BCB)	-9.587098316	A0201	FLYALALLL	26
NTC (BCB)	-8.618209354	A0201	NLVPMVATV	68
NTC (BCB)	-8.865378676	A0201	YVLDHLIVV	114
NTC (BCB)	-10.02244291	A0201	FLYALALLL	26
NTC (BCB)	-9.056350433	A0201	RLNELLAYV	74
NTC (BCB)	-7.938452531	A0201	RMLGDVMAV	78
NTC (BCB)	-9.57407314	A0201	FLGDDPSPA	20
NTC (BCB)	-11.57573667	A0201	FLGGHVAVA	21
NTC (BCB)	-10.78278867	A0201	ILMWEAVTL	41
NTC (BCB)	-10.69528666	A0201	SITEVECFL	81
NTC (BCB)	-12.0811391	A0201	TIHDIILECV	95
NTC (BCB)	-9.889731918	A0201	GIFEDRAPV	30
NTC (BCB)	-9.768297925	A0201	TLGIVCPI	97
NTC (BCB)	-11.60588494	A0201	NMLSTVLGV	69
NTC (BCB)	-8.828607507	A0201	NLLTTPKFT	67
NTC (BCB)	-11.36682247	A0201	YLQQNWWTL	109
NTC (BCB)	-11.62189913	A0201	ALMLRLLRI	6
NTC (BCB)	-10.68161765	A0201	FIPQYLSAV	16
NTC (BCB)	-11.87056335	A0201	YLLEMLWRL	108
NTC (BCB)	-10.86034645	A0201	AIMDKNIIL	1
NTC (BCB)	-10.78723382	A0201	LLDFVRFMGV	50
NTC (BCB)	-9.921886407	A0201	KVDDTFYYV	49
NTC (BCB)	-11.04345275	A0201	YMLDLQPET	110
NTC (BCB)	-11.60130076	A0201	LLLIWFRPV	54
NTC (BCB)	-11.5067654	A0201	SLFNTVATL	84
NTC (BCB)	-10.94482912	A0301	RLRAEAQVK	77
NTC (BCB)	-12.17821646	A0301	RVRAYTYSK	79
NTC (BCB)	-10.33008642	A0301	LLWTLVVLL	59
NTC (BCB)	-10.29990323	A2402	TYGPVFMCL	103
NTC (BCB)	-10.16821852	A2402	GLADTVVAC	32
NTC (BCB)	-9.699295594	A2402	SVRDRLARL	94
NTC (BCB)	-12.10523143	A2402	LLMGTLGIV	55
NTC (BCB)	-12.07770776	A2402	KLPQLCTEL	46
NTC (BCB)	-11.26396888	A2402	FLADAVVRL	17
NTC (BCB)	-12.25857503	A2402	RLLGFADTV	73
NTC (BCB)	-10.99257607	A2402	SLFNTIAVL	83
NTC (BCB)	-10.98062208	A2402	FMYSDFHFI	27
NTC (BCB)	-10.49262597	A2402	AITEVECFL	2
NTC (BCB)	-10.34208342	A2402	MLNIPSINV	64
NTC (BCB)	-11.65048519	A2402	TLDYKPLSV	96
NTC (BCB)	-11.36148611	A2402	SLYNTIATL	89
NTC (BCB)	-10.96854546	A2402	ALHTALATV	3
NTC (BCB)	-11.53567496	B0702	TPRVTGGGAM	101
NTC (BCB)	-10.19254933	B0702	ILKEPVHGV	40
NTC (BCB)	-10.13608216	B0702	LLMWEAVTV	56
NTC (BCB)	-10.25284421	B0702	FLTSVINRV	24
NTC (BCB)	-9.777048423	B0702	GLNDYLHSV	34
NTC (BCB)	-12.03199885	B0702	KLTPLCVTL	47
NTC (BCB)	-11.94981749	B0702	CLTEYILWV	11
NTC (BCB)	-11.32721035	B0702	ALLGLTLGV	4
NTC (BCB)	-11.30775742	B0702	RLNEVAKNL	75
NTC (BCB)	-10.49689772	B0801	ELRSRYWAI	15
NTC (BCB)	-10.63109355	B0801	RAKFKQLL	72
NTC (BCB)	0.206790694	B0801	ELRRKMMYM	14
NTC (BCB)	-10.5807227	B0801	ILIEGIFFV	39
NTC (BCB)	-11.30171128	B0801	TLLYVLFEV	99
NTC (BCB)	-0.848914069	B0801	ALMGAVTSL	5
NTC (BCB)	-10.60936687	B0801	SLFNTIATL	82
NTC (BCB)	-11.52102996	B0801	SLFNTVAVL	85
NTC (BCB)	0.604134518	B0801	SLYNTVAVL	92
NTC (BCB)	-10.49552264	B0801	LMWYELSKI	60
NTC (BCB)	-10.19176261	B0801	FQQLFLNTL	28
NTC (BCB)	-10.38760653	B0801	ILDDNLYKV	38
NTC (BCB)	-10.7370982	B1501	GQGGSPTAM	35
NTC (BCB)	-10.65877472	B2705	ALSALLTKL	7
NTC (BCB)	-10.0336492	B2705	FLTCTDRSV	23
NTC (BCB)	-11.65301461	B2705	TPRVTGGGAM	101
NTC (BCB)	-9.355630452	B3501	IPSINVHHY	43
NTC (BCB)	-8.742952805	B3501	LLLGTLNIV	53
NTC (BCB)	-8.952999636	B3501	FLVDAIVRVA	25
NTC (BCB)	-9.725433254	B3501	SLMNVHSNG	87
NTC (BCB)	-11.92603047	B3501	ALWALPHAA	8
NTC (BCB)	-11.38924153	B3501	CVNGSCFTV	13
NTC (BCB)	-11.06050641	B3501	LLNGWRWRL	57
NTC (BCB)	-11.34215044	B3501	SLYNTIAVL	90
NTC (BCB)	-10.24587249	B4001	TLLDHIRTA	98
NTC (BCB)	-6.122849702	B4001	IVIEAIHTV	44
NTC (BCB)	-10.47381934	B4001	SLPITVYYA	88
NTC (BCB)	-10.47337751	C0602	YLANGGFLI	106
NTC (BCB)	-0.151250363	C0702	FLGAGALAV	19
NTC (BCB)	-11.48495029	C0702	MMLRDRWSL	65
NTC (BCB)	-10.72452561	A0101	FTSDYYQLY	29
NTC (BCB)	-10.26783123	A0101	CTDDNALAYY	12
NTC (BCB)	-10.41288076	A0101	TTDPSFLGRY	102
NTC (BCB)	-0.010984278	A0201	RLQSLQTYV	76
NTC (BCB)	-10.21112719	A0201	LLLDRLNQL	52
NTC (BCB)	-10.18546504	A0201	ALWEIQQVV	9
NTC (BCB)	-10.19972119	A0301	KCYGVSPTK	45
NTC (BCB)	-11.47259455	A0301	KTFPPTEPK	48
NTC (BCB)	-10.70495177	A2402	QYIKWPWYI	71
NTC (BCB)	-11.6845794	B0702	IPRRNVATL	42
NTC (BCB)	-10.42090648	B0702	SPRWYFYYL	93
NTC (BCB)	-9.043760262	A0101	YRATTTYKL	112
NTC (BCB)	-10.48589806	A0101	LLEVSVCQY	51
NTC (BCB)	-9.681639633	A0101	NADYLYFHFY	66
NTC (BCB)	-11.38866325	A0201	LLNNVSYIV	58
NTC (BCB)	-10.94797915	A0201	LYYQNNVFM	62
NTC (BCB)	-9.91292918	A0201	FLSFKLMGI	22
NTC (BCB)	-11.87931727	A0201	SLLSVTSVV	86
NTC (BCB)	-10.07350391	A0201	FLFSCIITA	18
NTC (BCB)	-9.824883285	A0201	GVLKIVIEL	36
NTC (BCB)	-10.34566594	A0201	SIISGTAFL	80
NTC (BCB)	-10.43482439	A0201	YLIAYISFA	107
NTC (BCB)	-11.2702698	A0201	LRIVSSLVL	61
NTC (BCB)	-11.18556693	B0702	HTPRHSFRTL	37
NTC (BCB)	-9.370570535	B0702	MHTPRHSFRTL	63
NTC (BCB)	-11.73883374	B0702	TPRHSFRTL	100
NTC (BCB)	-11.56872725	B0701	plate48	70
NTC (BCB)	-11.23358397	A0201	plate48	70
