barcode,sample,log_fold_change,p,HLA,Origin,Peptide,Sequence,id
A21B201,BC372,0.878480955476892,0.455815003793973,A0201,EBV,v16,YVLDHLIVV,v16 (EBV)
A23B201,BC372,0.0254158993036971,0.9710277325421,A0201,B19,a47,RLNELLAYV,a47 (B19)
A25B201,BC372,0.169690374849339,0.929138758106761,A0201,EBV,a49,FLGDDPSPA,a49 (EBV)
A10B226,BC372,1.29365346670481,0.106508575848957,A0201,HHV-1,a50,FLGGHVAVA,a50 (HHV-1)
A11B226,BC372,0.950207146498172,0.325186030411862,A0201,VZV,a51,ILMWEAVTL,a51 (VZV)
A12B226,BC372,0.121582483746693,0.933801784951691,A0201,EBV,a52,SITEVECFL,a52 (EBV)
A10B224,BC372,0.29591552217522,0.929138758106761,A0201,HAdV-C,a53,TIHDIILECV,a53 (HAdV-C)
A15B226,BC372,0.0493694708020405,0.96549305958931,A0201,VACV,a55,TLGIVCPI,a55 (VACV)
A17B226,BC372,0.253196235065184,0.929138758106761,A0201,B19,a57,NLLTTPKFT,a57 (B19)
A10B227,BC372,0.511413610788978,0.776892782297412,A0201,CMV,a58,YLQQNWWTL,a58 (CMV)
A11B227,BC372,0.92777679529061,0.325186030411862,A0201,EBV,a59,ALMLRLLRI,a59 (EBV)
A12B227,BC372,0.633288220541381,0.635666815285353,A0201,HPV,a60,FIPQYLSAV,a60 (HPV)
A10B225,BC372,0.852617925189971,0.382558882746048,A0201,HPV,a61,YLLEMLWRL,a61 (HPV)
A16B227,BC372,0.245947820840199,0.929138758106761,A0201,HHV-1,a64,KVDDTFYYV,a64 (HHV-1)
A17B227,BC372,0.284143920808481,0.929138758106761,A0201,EBV,a65,YMLDLQPET,a65 (EBV)
A10B228,BC372,0.54421651055215,0.722931599232632,A0201,CMV,a66,LLLIWFRPV,a66 (CMV)
A11B228,BC372,0.998865269852439,0.325186030411862,A0201,EBV,a67,SLFNTVATL,a67 (EBV)
A12B228,BC372,0.468714806763581,0.815874297477519,A0301,EBV,v18,RLRAEAQVK,v18 (EBV)
A11B224,BC372,0.704136952532169,0.529382980477629,A0301,EBV,v25,RVRAYTYSK,v25 (EBV)
A14B228,BC372,0.334881411284732,0.929138758106761,A0301,CMV,a68,LLWTLVVLL,a68 (CMV)
A11B225,BC372,1.09989649348867,0.238130758200615,A2402,CMV,a74,RLLGFADTV,a74 (CMV)
A16B229,BC372,0.44520995356178,0.827129935665299,A2402,BKPyV,a77,AITEVECFL,a77 (BKPyV)
A11B230,BC372,0.559300342753859,0.711217028978768,A2402,HPV,a80,SLYNTIATL,a80 (HPV)
A12B230,BC372,0.198650181166743,0.929138758106761,A2402,EBV,a81,ALHTALATV,a81 (EBV)
A12B224,BC372,0.947415942094208,0.325186030411862,B0702,CMV,v14,TPRVTGGGAM,v14 (CMV)
A11B231,BC372,0.0365273151532468,0.96549305958931,B0702,JCPyV,a87,CLTEYILWV,a87 (JCPyV)
A12B225,BC372,0.129416762542994,0.933280410383701,B0702,EBV,a89,RLNEVAKNL,a89 (EBV)
A15B231,BC372,3.85327690599736,2.1554727753605399e-13,B0801,EBV,v17,RAKFKQLL,v17 (EBV)
A16B231,BC372,0.912242173799338,0.349668295725122,B0801,CMV,v22,ELRRKMMYM,v22 (CMV)
A17B231,BC372,0.980016944958404,0.325186030411862,B0801,CMV,a90,ILIEGIFFV,a90 (CMV)
A10B232,BC372,1.36759945409167,0.0779278016989439,B0801,CMV,a91,TLLYVLFEV,a91 (CMV)
A11B232,BC372,1.61754821157673,0.0169333542841136,B0801,HIV-1,a92,ALMGAVTSL,a92 (HIV-1)
A12B232,BC372,2.04491998098532,9.80140913260414e-4,B0801,CMV,a93,SLFNTIATL,a93 (CMV)
A10B233,BC372,0.845000854792168,0.407533361758359,B1501,EBV,v40,GQGGSPTAM,v40 (EBV)
A11B233,BC372,1.964925737428,0.00158264009905423,B2705,EBV,a99,ALSALLTKL,a99 (EBV)
A12B233,BC372,0.368468186335699,0.926937502522158,B2705,EBV,a100,FLTCTDRSV,a100 (EBV)
A15B233,BC372,2.19507344528831,9.6549227364893e-4,B3501,EBV,a102,LLLGTLNIV,a102 (EBV)
A16B233,BC372,0.401379555312191,0.926937502522158,B3501,CMV,a103,FLVDAIVRVA,a103 (CMV)
A14B224,BC372,0.997775611620166,0.325186030411862,B3501,FLU-A,a108,SLYNTIAVL,a108 (FLU-A)
A14B234,BC372,0.0567642372926749,0.96549305958931,B4001,EBV,a109,TLLDHIRTA,a109 (EBV)
A17B234,BC372,3.0209545209327,2.8098857812503e-8,C0602,CMV,a112,YLANGGFLI,a112 (CMV)
A10B235,BC372,1.78411380853984,0.00508425302232867,C0702,CMV,a113,FLGAGALAV,a113 (CMV)
A11B235,BC372,1.42302612720679,0.0594990755219787,C0702,CMV,a114,MMLRDRWSL,a114 (CMV)
A12B235,BC372,0.262185383412382,0.929138758106761,A0101,Covid-19,ss-a1-4,FTSDYYQLY,ss-a1-4 (Covid-19)
A14B225,BC372,0.397140674097552,0.919387475067692,A0101,Covid-19,ss-a1-31,CTDDNALAYY,ss-a1-31 (Covid-19)
A15B235,BC372,1.64956693012394e-4,0.97962847384327,A0201,Covid-19,ss-a2-13,RLQSLQTYV,ss-a2-13 (Covid-19)
A11B236,BC372,0.687207542120828,0.561423473163284,A0301,Covid-19,ss-a3-12,KTFPPTEPK,ss-a3-12 (Covid-19)
A12B236,BC372,0.755508307149137,0.497231040913641,A2402,Covid-19,ss-a24-31,QYIKWPWYI,ss-a24-31 (Covid-19)
A10B237,BC372,0.91955822584767,0.327306375655211,A0201,hCoV,sh538,LLNNVSYIV,sh538 (hCoV)
A11B237,BC372,1.14643123141433,0.220991922140473,A0201,hCoV,sh849,LYYQNNVFM,sh849 (hCoV)
A12B237,BC372,0.389732293021718,0.926937502522158,A0201,hCoV,sh503,FLSFKLMGI,sh503 (hCoV)
A15B237,BC372,0.0630983365647916,0.96549305958931,A0201,hCoV,sh395,GVLKIVIEL,sh395 (hCoV)
A10B238,BC372,0.2130607019166,0.929138758106761,A0201,hCoV,sh852,LRIVSSLVL,sh852 (hCoV)
A11B238,BC372,0.227967947250653,0.929138758106761,B0702,hCoV,sh684,HTPRHSFRTL,sh684 (hCoV)
A16B225,BC372,0.211225851465735,0.929138758106761,B0701,unknown,M2,plate48,M2 (unknown)
A25B200,BC383,0.0534779459240933,0.981790663750044,A0201,EBV,v5,CLGGLLTMV,v5 (EBV)
A18B201,BC383,0.254458181985542,0.904193386190443,A0201,EBV,v6,GLCTLVAML,v6 (EBV)
A19B201,BC383,0.204889516522214,0.938852414460688,A0201,EBV,v10,FLYALALLL,v10 (EBV)
A21B201,BC383,0.664023546386634,0.554099710991167,A0201,EBV,v16,YVLDHLIVV,v16 (EBV)
A22B201,BC383,0.257361206366167,0.901016324778666,A0201,CMV,a46,FLYALALLL,a46 (CMV)
A23B201,BC383,2.25141665624717,2.53040436045096e-4,A0201,B19,a47,RLNELLAYV,a47 (B19)
A25B201,BC383,0.405373370901448,0.797753266677658,A0201,EBV,a49,FLGDDPSPA,a49 (EBV)
A10B226,BC383,0.871500123979502,0.313451601622666,A0201,HHV-1,a50,FLGGHVAVA,a50 (HHV-1)
A11B226,BC383,1.19558522928275,0.148552227702148,A0201,VZV,a51,ILMWEAVTL,a51 (VZV)
A12B226,BC383,0.752227843340807,0.417334848251151,A0201,EBV,a52,SITEVECFL,a52 (EBV)
A10B224,BC383,1.04724071562572,0.202588953285799,A0201,HAdV-C,a53,TIHDIILECV,a53 (HAdV-C)
A14B226,BC383,0.0359382983639836,0.981790663750044,A0201,VACV,a54,GIFEDRAPV,a54 (VACV)
A15B226,BC383,0.245851331112148,0.904193386190443,A0201,VACV,a55,TLGIVCPI,a55 (VACV)
A17B226,BC383,0.152246777623861,0.949326478356139,A0201,B19,a57,NLLTTPKFT,a57 (B19)
A10B227,BC383,0.988600329068526,0.237904408138381,A0201,CMV,a58,YLQQNWWTL,a58 (CMV)
A11B227,BC383,0.770285228144612,0.394505135039249,A0201,EBV,a59,ALMLRLLRI,a59 (EBV)
A12B227,BC383,0.864132692376738,0.314951116404335,A0201,HPV,a60,FIPQYLSAV,a60 (HPV)
A10B225,BC383,1.91362809965238,0.00235321005423032,A0201,HPV,a61,YLLEMLWRL,a61 (HPV)
A14B227,BC383,0.046211119856706,0.981790663750044,A0201,NWV,a62,AIMDKNIIL,a62 (NWV)
A16B227,BC383,0.159299470325405,0.947779250007217,A0201,HHV-1,a64,KVDDTFYYV,a64 (HHV-1)
A17B227,BC383,0.291768824766771,0.895583292182577,A0201,EBV,a65,YMLDLQPET,a65 (EBV)
A10B228,BC383,1.08004901593584,0.191233521727194,A0201,CMV,a66,LLLIWFRPV,a66 (CMV)
A11B228,BC383,1.24316703487803,0.116019939942088,A0201,EBV,a67,SLFNTVATL,a67 (EBV)
A11B224,BC383,1.4563451133501,0.0489265166788128,A0301,EBV,v25,RVRAYTYSK,v25 (EBV)
A10B229,BC383,0.0311900160942535,0.981790663750044,A2402,CMV,a71,LLMGTLGIV,a71 (CMV)
A11B229,BC383,0.0626502234669274,0.981790663750044,A2402,EBV,a72,KLPQLCTEL,a72 (EBV)
A11B225,BC383,1.82648328048637,0.00391334479430654,A2402,CMV,a74,RLLGFADTV,a74 (CMV)
A11B230,BC383,0.398899731231255,0.778107348110734,A2402,HPV,a80,SLYNTIATL,a80 (HPV)
A12B224,BC383,0.552683578286818,0.6031366761354,B0702,CMV,v14,TPRVTGGGAM,v14 (CMV)
A11B231,BC383,0.0328840964425868,0.981790663750044,B0702,JCPyV,a87,CLTEYILWV,a87 (JCPyV)
A12B225,BC383,0.335478079688573,0.847364444653589,B0702,EBV,a89,RLNEVAKNL,a89 (EBV)
A10B232,BC383,0.126574083003544,0.949326478356139,B0801,CMV,a91,TLLYVLFEV,a91 (CMV)
A11B232,BC383,0.371026340131601,0.809726991941386,B0801,HIV-1,a92,ALMGAVTSL,a92 (HIV-1)
A10B239,BC383,0.17127622561157901,0.938852414460688,B0801,HIV-1,a94,SLFNTVAVL,a94 (HIV-1)
A10B233,BC383,0.872501795179963,0.314951116404335,B1501,EBV,v40,GQGGSPTAM,v40 (EBV)
A11B233,BC383,0.328683723091289,0.847364444653589,B2705,EBV,a99,ALSALLTKL,a99 (EBV)
A11B239,BC383,0.0392855994097653,0.981790663750044,B2705,EBV,a101,TPRVTGGGAM,a101 (EBV)
A15B233,BC383,0.403671113733302,0.820717546759376,B3501,EBV,a102,LLLGTLNIV,a102 (EBV)
A14B234,BC383,0.0481080755876784,0.981790663750044,B4001,EBV,a109,TLLDHIRTA,a109 (EBV)
A17B234,BC383,1.26127044686037,0.116019939942088,C0602,CMV,a112,YLANGGFLI,a112 (CMV)
A10B235,BC383,3.61249551882515,5.964437803403599e-12,C0702,CMV,a113,FLGAGALAV,a113 (CMV)
A11B235,BC383,2.76311754067481,5.10607891489448e-7,C0702,CMV,a114,MMLRDRWSL,a114 (CMV)
A12B235,BC383,0.690863807900728,0.461334209246985,A0101,Covid-19,ss-a1-4,FTSDYYQLY,ss-a1-4 (Covid-19)
A15B235,BC383,0.529331254331531,0.649811967036387,A0201,Covid-19,ss-a2-13,RLQSLQTYV,ss-a2-13 (Covid-19)
A16B235,BC383,0.638933933252294,0.545664758785857,A0201,Covid-19,ss-a2-57,LLLDRLNQL,ss-a2-57 (Covid-19)
A17B235,BC383,0.177518050365866,0.938852414460688,A0201,Covid-19,ss-a2-95,ALWEIQQVV,ss-a2-95 (Covid-19)
A10B236,BC383,0.432859598992518,0.777732591078909,A0301,Covid-19,ss-a3-9,KCYGVSPTK,ss-a3-9 (Covid-19)
A11B236,BC383,0.987300469758536,0.237904408138381,A0301,Covid-19,ss-a3-12,KTFPPTEPK,ss-a3-12 (Covid-19)
A12B236,BC383,0.792515213335218,0.390328657475579,A2402,Covid-19,ss-a24-31,QYIKWPWYI,ss-a24-31 (Covid-19)
A15B236,BC383,0.0711155795151734,0.981790663750044,A0101,hCoV,sh831,YRATTTYKL,sh831 (hCoV)
A10B237,BC383,1.25991118558546,0.116019939942088,A0201,hCoV,sh538,LLNNVSYIV,sh538 (hCoV)
A11B237,BC383,1.51823210178473,0.040344783728191,A0201,hCoV,sh849,LYYQNNVFM,sh849 (hCoV)
A12B237,BC383,0.741872694715773,0.42674539814487,A0201,hCoV,sh503,FLSFKLMGI,sh503 (hCoV)
A15B225,BC383,0.146575487332767,0.947779250007217,A0201,hCoV,sh487,SLLSVTSVV,sh487 (hCoV)
A14B237,BC383,0.262289504632852,0.901016324778666,A0201,hCoV,sh394,FLFSCIITA,sh394 (hCoV)
A16B237,BC383,0.133739753297619,0.949326478356139,A0201,hCoV,sh537,SIISGTAFL,sh537 (hCoV)
A10B238,BC383,0.905069004528399,0.313451601622666,A0201,hCoV,sh852,LRIVSSLVL,sh852 (hCoV)
A11B238,BC383,0.501385357224367,0.67147540203512,B0702,hCoV,sh684,HTPRHSFRTL,sh684 (hCoV)
A24B200,BC385,4.07537973587823,1.3218244327282301e-15,A0201,FLU-A,v3,GILGFVFTL,v3 (FLU-A)
A18B201,BC385,1.04786453621341,0.198802104663131,A0201,EBV,v6,GLCTLVAML,v6 (EBV)
A19B201,BC385,0.849656652589388,0.371560593973811,A0201,EBV,v10,FLYALALLL,v10 (EBV)
A21B201,BC385,4.06578754704225,4.53807541297719e-15,A0201,EBV,v16,YVLDHLIVV,v16 (EBV)
A23B201,BC385,0.485630163709894,0.699989936875757,A0201,B19,a47,RLNELLAYV,a47 (B19)
A25B201,BC385,0.0650079247303243,0.939192804531113,A0201,EBV,a49,FLGDDPSPA,a49 (EBV)
A10B226,BC385,1.06569152153313,0.157196912029615,A0201,HHV-1,a50,FLGGHVAVA,a50 (HHV-1)
A11B226,BC385,1.17052572147956,0.109624436400767,A0201,VZV,a51,ILMWEAVTL,a51 (VZV)
A12B226,BC385,3.66411699506741,6.69871807610032e-13,A0201,EBV,a52,SITEVECFL,a52 (EBV)
A15B226,BC385,1.14066117087654,0.141739543306667,A0201,VACV,a55,TLGIVCPI,a55 (VACV)
A17B226,BC385,2.01404369540572,0.00101928574681235,A0201,B19,a57,NLLTTPKFT,a57 (B19)
A10B227,BC385,0.1482555068282,0.861843599484352,A0201,CMV,a58,YLQQNWWTL,a58 (CMV)
A11B227,BC385,0.386979819993701,0.720576419515663,A0201,EBV,a59,ALMLRLLRI,a59 (EBV)
A12B227,BC385,0.187752295350796,0.847775226491519,A0201,HPV,a60,FIPQYLSAV,a60 (HPV)
A10B225,BC385,4.284510883604,3.24503332693925e-17,A0201,HPV,a61,YLLEMLWRL,a61 (HPV)
A14B227,BC385,0.413827440068913,0.720576419515663,A0201,NWV,a62,AIMDKNIIL,a62 (NWV)
A15B227,BC385,0.197553752528881,0.847775226491519,A0201,HMPV,a63,LLDFVRFMGV,a63 (HMPV)
A16B227,BC385,1.70807473568235,0.00497507025008995,A0201,HHV-1,a64,KVDDTFYYV,a64 (HHV-1)
A17B227,BC385,1.60579436684168,0.0077911835891782,A0201,EBV,a65,YMLDLQPET,a65 (EBV)
A11B228,BC385,0.09121900995818,0.921372267137624,A0201,EBV,a67,SLFNTVATL,a67 (EBV)
A14B228,BC385,0.715078692443503,0.451531516549992,A0301,CMV,a68,LLWTLVVLL,a68 (CMV)
A11B225,BC385,0.00516563536423666,0.990605398802261,A2402,CMV,a74,RLLGFADTV,a74 (CMV)
A15B229,BC385,0.156094156188891,0.861843599484352,A2402,B19,a76,FMYSDFHFI,a76 (B19)
A16B229,BC385,0.687823993745544,0.466584424275694,A2402,BKPyV,a77,AITEVECFL,a77 (BKPyV)
A17B229,BC385,1.79992311442594,0.00258640419037894,A2402,EBV,a78,MLNIPSINV,a78 (EBV)
A11B230,BC385,0.712572425008493,0.451531516549992,A2402,HPV,a80,SLYNTIATL,a80 (HPV)
A16B230,BC385,0.616556894585802,0.51936819522258,B0702,EBV,a84,FLTSVINRV,a84 (EBV)
A12B231,BC385,1.00596674521253,0.198802104663131,B0702,HHV-1,a88,ALLGLTLGV,a88 (HHV-1)
A10B232,BC385,1.72209596154782,0.00376011542465379,B0801,CMV,a91,TLLYVLFEV,a91 (CMV)
A11B232,BC385,1.4610100808524,0.0196721161481974,B0801,HIV-1,a92,ALMGAVTSL,a92 (HIV-1)
A12B232,BC385,0.853614797185426,0.340899216153606,B0801,CMV,a93,SLFNTIATL,a93 (CMV)
A15B232,BC385,0.319438562660676,0.721024947235931,B0801,CMV,a96,LMWYELSKI,a96 (CMV)
A17B232,BC385,0.281588205319969,0.779240103799121,B0801,HAdV-C,a98,ILDDNLYKV,a98 (HAdV-C)
A10B233,BC385,0.794978400355163,0.381124818708987,B1501,EBV,v40,GQGGSPTAM,v40 (EBV)
A11B233,BC385,1.7079275103185,0.00434767327899139,B2705,EBV,a99,ALSALLTKL,a99 (EBV)
A12B233,BC385,0.189799787846153,0.847775226491519,B2705,EBV,a100,FLTCTDRSV,a100 (EBV)
A14B233,BC385,0.909095514573551,0.340215608796322,B3501,CMV,v35,IPSINVHHY,v35 (CMV)
A15B233,BC385,2.87135154946599,1.49992543513411e-7,B3501,EBV,a102,LLLGTLNIV,a102 (EBV)
A16B233,BC385,1.39081469180802,0.0540549755162556,B3501,CMV,a103,FLVDAIVRVA,a103 (CMV)
A12B234,BC385,0.00806221486505369,0.990605398802261,B3501,FLU-A,a107,LLNGWRWRL,a107 (FLU-A)
A14B234,BC385,4.52263191614187,1.43246163189176e-18,B4001,EBV,a109,TLLDHIRTA,a109 (EBV)
A16B234,BC385,1.0916231604318,0.157196912029615,B4001,CMV,a111,SLPITVYYA,a111 (CMV)
A17B234,BC385,7.60891812451334,2.27588549598764e-44,C0602,CMV,a112,YLANGGFLI,a112 (CMV)
A10B235,BC385,3.10848129449151,1.48578603674066e-9,C0702,CMV,a113,FLGAGALAV,a113 (CMV)
A11B235,BC385,1.99960174990031,4.63362824216077e-4,C0702,CMV,a114,MMLRDRWSL,a114 (CMV)
A16B235,BC385,0.151608841515156,0.861843599484352,A0201,Covid-19,ss-a2-57,LLLDRLNQL,ss-a2-57 (Covid-19)
A10B236,BC385,0.406788594687258,0.720576419515663,A0301,Covid-19,ss-a3-9,KCYGVSPTK,ss-a3-9 (Covid-19)
A11B236,BC385,0.328021085762205,0.720576419515663,A0301,Covid-19,ss-a3-12,KTFPPTEPK,ss-a3-12 (Covid-19)
A12B236,BC385,0.328318114312619,0.720576419515663,A2402,Covid-19,ss-a24-31,QYIKWPWYI,ss-a24-31 (Covid-19)
A17B236,BC385,0.642704358371469,0.51936819522258,A0101,hCoV,sh236,"NADYLYFHFY",sh236 (hCoV)
A10B237,BC385,0.595776280282752,0.51936819522258,A0201,hCoV,sh538,LLNNVSYIV,sh538 (hCoV)
A11B237,BC385,0.326190012313484,0.720576419515663,A0201,hCoV,sh849,LYYQNNVFM,sh849 (hCoV)
A10B238,BC385,0.0139344169429568,0.990605398802261,A0201,hCoV,sh852,LRIVSSLVL,sh852 (hCoV)
A16B225,BC385,0.390836681495774,0.720576419515663,B0701,unknown,M2,plate48,M2 (unknown)
A24B200,BC386,0.2258047273559,0.899536203756515,A0201,FLU-A,v3,GILGFVFTL,v3 (FLU-A)
A25B200,BC386,0.103219431737363,0.912023583481777,A0201,EBV,v5,CLGGLLTMV,v5 (EBV)
A18B201,BC386,0.309503868299992,0.899536203756515,A0201,EBV,v6,GLCTLVAML,v6 (EBV)
A19B201,BC386,0.148891452910397,0.912023583481777,A0201,EBV,v10,FLYALALLL,v10 (EBV)
A21B201,BC386,0.896152290215476,0.602879125818956,A0201,EBV,v16,YVLDHLIVV,v16 (EBV)
A22B201,BC386,0.319071535904937,0.899536203756515,A0201,CMV,a46,FLYALALLL,a46 (CMV)
A23B201,BC386,0.503664421211405,0.899536203756515,A0201,B19,a47,RLNELLAYV,a47 (B19)
A25B201,BC386,0.407620951308384,0.899536203756515,A0201,EBV,a49,FLGDDPSPA,a49 (EBV)
A10B226,BC386,0.951503772283837,0.444945029031756,A0201,HHV-1,a50,FLGGHVAVA,a50 (HHV-1)
A11B226,BC386,0.663252903565738,0.829171655788949,A0201,VZV,a51,ILMWEAVTL,a51 (VZV)
A12B226,BC386,0.280237942069825,0.899536203756515,A0201,EBV,a52,SITEVECFL,a52 (EBV)
A10B224,BC386,0.344970357026834,0.899536203756515,A0201,HAdV-C,a53,TIHDIILECV,a53 (HAdV-C)
A14B226,BC386,0.320250490535159,0.899536203756515,A0201,VACV,a54,GIFEDRAPV,a54 (VACV)
A15B226,BC386,0.0542791137261437,0.952411534602127,A0201,VACV,a55,TLGIVCPI,a55 (VACV)
A17B226,BC386,0.49730608626852,0.899536203756515,A0201,B19,a57,NLLTTPKFT,a57 (B19)
A10B227,BC386,0.564472082093866,0.861189981979694,A0201,CMV,a58,YLQQNWWTL,a58 (CMV)
A11B227,BC386,0.499546833644947,0.890811365806613,A0201,EBV,a59,ALMLRLLRI,a59 (EBV)
A12B227,BC386,0.950681747661198,0.444945029031756,A0201,HPV,a60,FIPQYLSAV,a60 (HPV)
A10B225,BC386,1.22363660647196,0.388255510072427,A0201,HPV,a61,YLLEMLWRL,a61 (HPV)
A14B227,BC386,0.224346201036462,0.899536203756515,A0201,NWV,a62,AIMDKNIIL,a62 (NWV)
A15B227,BC386,0.0465053810604883,0.952411534602127,A0201,HMPV,a63,LLDFVRFMGV,a63 (HMPV)
A16B227,BC386,0.385722710741159,0.899536203756515,A0201,HHV-1,a64,KVDDTFYYV,a64 (HHV-1)
A17B227,BC386,0.599047429061953,0.861189981979694,A0201,EBV,a65,YMLDLQPET,a65 (EBV)
A10B228,BC386,0.989018235787073,0.444945029031756,A0201,CMV,a66,LLLIWFRPV,a66 (CMV)
A11B228,BC386,0.988816252016003,0.444945029031756,A0201,EBV,a67,SLFNTVATL,a67 (EBV)
A12B228,BC386,0.114596812404687,0.912023583481777,A0301,EBV,v18,RLRAEAQVK,v18 (EBV)
A11B224,BC386,0.806190194002214,0.669612406576087,A0301,EBV,v25,RVRAYTYSK,v25 (EBV)
A14B228,BC386,0.036303410831212,0.954532652954148,A0301,CMV,a68,LLWTLVVLL,a68 (CMV)
A17B228,BC386,0.28236565452921,0.899536203756515,A2402,FLU-A,a70,SVRDRLARL,a70 (FLU-A)
A11B225,BC386,1.17726975251275,0.388255510072427,A2402,CMV,a74,RLLGFADTV,a74 (CMV)
A17B229,BC386,0.127622555395669,0.912023583481777,A2402,EBV,a78,MLNIPSINV,a78 (EBV)
A11B230,BC386,0.221965237993677,0.899536203756515,A2402,HPV,a80,SLYNTIATL,a80 (HPV)
A12B224,BC386,0.133744346154004,0.912023583481777,B0702,CMV,v14,TPRVTGGGAM,v14 (CMV)
A12B225,BC386,0.232533441692078,0.899536203756515,B0702,EBV,a89,RLNEVAKNL,a89 (EBV)
A10B232,BC386,0.340765497129522,0.899536203756515,B0801,CMV,a91,TLLYVLFEV,a91 (CMV)
A11B232,BC386,0.369970427314316,0.899536203756515,B0801,HIV-1,a92,ALMGAVTSL,a92 (HIV-1)
A10B239,BC386,0.178130595490149,0.899536203756515,B0801,HIV-1,a94,SLFNTVAVL,a94 (HIV-1)
A10B233,BC386,0.211159140367766,0.899536203756515,B1501,EBV,v40,GQGGSPTAM,v40 (EBV)
A11B233,BC386,0.289492406017964,0.899536203756515,B2705,EBV,a99,ALSALLTKL,a99 (EBV)
A12B233,BC386,0.22150225353089,0.899536203756515,B2705,EBV,a100,FLTCTDRSV,a100 (EBV)
A15B233,BC386,1.28145150522581,0.388255510072427,B3501,EBV,a102,LLLGTLNIV,a102 (EBV)
A17B234,BC386,4.50029430276669,3.30210584291923e-18,C0602,CMV,a112,YLANGGFLI,a112 (CMV)
A10B235,BC386,0.393751686542004,0.899536203756515,C0702,CMV,a113,FLGAGALAV,a113 (CMV)
A11B235,BC386,0.223991520719628,0.899536203756515,C0702,CMV,a114,MMLRDRWSL,a114 (CMV)
A12B235,BC386,0.314396257203107,0.899536203756515,A0101,Covid-19,ss-a1-4,FTSDYYQLY,ss-a1-4 (Covid-19)
A15B235,BC386,0.396023683289287,0.899536203756515,A0201,Covid-19,ss-a2-13,RLQSLQTYV,ss-a2-13 (Covid-19)
A16B235,BC386,0.121944503010818,0.912023583481777,A0201,Covid-19,ss-a2-57,LLLDRLNQL,ss-a2-57 (Covid-19)
A17B235,BC386,0.104825075119557,0.912023583481777,A0201,Covid-19,ss-a2-95,ALWEIQQVV,ss-a2-95 (Covid-19)
A10B236,BC386,0.107833528865073,0.912023583481777,A0301,Covid-19,ss-a3-9,KCYGVSPTK,ss-a3-9 (Covid-19)
A11B236,BC386,0.516013697043342,0.869046718051596,A0301,Covid-19,ss-a3-12,KTFPPTEPK,ss-a3-12 (Covid-19)
A12B236,BC386,0.558501199367314,0.861189981979694,A2402,Covid-19,ss-a24-31,QYIKWPWYI,ss-a24-31 (Covid-19)
A10B237,BC386,1.00754020825633,0.444945029031756,A0201,hCoV,sh538,LLNNVSYIV,sh538 (hCoV)
A11B237,BC386,1.14642336608317,0.403933914855607,A0201,hCoV,sh849,LYYQNNVFM,sh849 (hCoV)
A12B237,BC386,0.750360120013153,0.701656842169944,A0201,hCoV,sh503,FLSFKLMGI,sh503 (hCoV)
A15B225,BC386,0.1012142137044,0.912023583481777,A0201,hCoV,sh487,SLLSVTSVV,sh487 (hCoV)
A14B237,BC386,0.0317169762514366,0.958702386212941,A0201,hCoV,sh394,FLFSCIITA,sh394 (hCoV)
A15B237,BC386,0.557989460069791,0.864961910151348,A0201,hCoV,sh395,GVLKIVIEL,sh395 (hCoV)
A17B237,BC386,0.368855176954167,0.899536203756515,A0201,hCoV,sh481,YLIAYISFA,sh481 (hCoV)
A10B238,BC386,0.56310812471283,0.861189981979694,A0201,hCoV,sh852,LRIVSSLVL,sh852 (hCoV)
A11B238,BC386,0.29128527634756,0.899536203756515,B0702,hCoV,sh684,HTPRHSFRTL,sh684 (hCoV)
A21B201,BC387,1.74549268313317,0.0167406544882153,A0201,EBV,v16,YVLDHLIVV,v16 (EBV)
A25B201,BC387,0.674413909036682,0.623313240806746,A0201,EBV,a49,FLGDDPSPA,a49 (EBV)
A10B226,BC387,1.64044396058574,0.0107935494725924,A0201,HHV-1,a50,FLGGHVAVA,a50 (HHV-1)
A11B226,BC387,0.920606941379909,0.371867212342574,A0201,VZV,a51,ILMWEAVTL,a51 (VZV)
A12B226,BC387,0.12393538789124,0.920049561057626,A0201,EBV,a52,SITEVECFL,a52 (EBV)
A17B226,BC387,0.199051524297841,0.87264314443078,A0201,B19,a57,NLLTTPKFT,a57 (B19)
A10B227,BC387,0.143972006881014,0.894955253547317,A0201,CMV,a58,YLQQNWWTL,a58 (CMV)
A11B227,BC387,1.20365238321273,0.119743713597733,A0201,EBV,a59,ALMLRLLRI,a59 (EBV)
A12B227,BC387,0.165071300516967,0.873684195834011,A0201,HPV,a60,FIPQYLSAV,a60 (HPV)
A10B225,BC387,0.533091300991165,0.680420745678567,A0201,HPV,a61,YLLEMLWRL,a61 (HPV)
A14B227,BC387,0.448037958084929,0.772014064248687,A0201,NWV,a62,AIMDKNIIL,a62 (NWV)
A16B227,BC387,1.40615752929207,0.0616255161521808,A0201,HHV-1,a64,KVDDTFYYV,a64 (HHV-1)
A17B227,BC387,0.224864438315238,0.84997163348898,A0201,EBV,a65,YMLDLQPET,a65 (EBV)
A10B228,BC387,0.517011029225503,0.704828211431892,A0201,CMV,a66,LLLIWFRPV,a66 (CMV)
A11B228,BC387,0.830673292275268,0.420192344562755,A0201,EBV,a67,SLFNTVATL,a67 (EBV)
A12B228,BC387,2.14488997805776,2.25746939387424e-4,A0301,EBV,v18,RLRAEAQVK,v18 (EBV)
A11B224,BC387,0.407607667166213,0.776720489727952,A0301,EBV,v25,RVRAYTYSK,v25 (EBV)
A14B228,BC387,0.343378482438642,0.804047343338957,A0301,CMV,a68,LLWTLVVLL,a68 (CMV)
A17B228,BC387,0.278113308340506,0.815845487375104,A2402,FLU-A,a70,SVRDRLARL,a70 (FLU-A)
A11B225,BC387,0.887477146667938,0.371867212342574,A2402,CMV,a74,RLLGFADTV,a74 (CMV)
A16B229,BC387,0.407481843575794,0.776720489727952,A2402,BKPyV,a77,AITEVECFL,a77 (BKPyV)
A10B230,BC387,0.0071001724542545,0.994665640793843,A2402,FLU-A,a79,TLDYKPLSV,a79 (FLU-A)
A11B230,BC387,0.722621814965342,0.519087007911738,A2402,HPV,a80,SLYNTIATL,a80 (HPV)
A12B230,BC387,0.0570186445589718,0.959843567774072,A2402,EBV,a81,ALHTALATV,a81 (EBV)
A12B224,BC387,0.648713416543802,0.603734457740141,B0702,CMV,v14,TPRVTGGGAM,v14 (CMV)
A10B232,BC387,1.48182866195314,0.0296321143043883,B0801,CMV,a91,TLLYVLFEV,a91 (CMV)
A11B232,BC387,1.28571089175049,0.0794051998161333,B0801,HIV-1,a92,ALMGAVTSL,a92 (HIV-1)
A10B233,BC387,0.807648708710302,0.457154349272251,B1501,EBV,v40,GQGGSPTAM,v40 (EBV)
A11B233,BC387,1.47078480645847,0.0347173364205529,B2705,EBV,a99,ALSALLTKL,a99 (EBV)
A12B233,BC387,0.129989319791361,0.920049561057626,B2705,EBV,a100,FLTCTDRSV,a100 (EBV)
A14B233,BC387,0.518810167648211,0.748581997828577,B3501,CMV,v35,IPSINVHHY,v35 (CMV)
A15B233,BC387,3.34130554072513,1.4295262373184202e-9,B3501,EBV,a102,LLLGTLNIV,a102 (EBV)
A16B233,BC387,1.80977814977395,0.0107935494725924,B3501,CMV,a103,FLVDAIVRVA,a103 (CMV)
A17B233,BC387,2.34715102991198,6.65303491743085e-5,B3501,EBV,a104,SLMNVHSNG,a104 (EBV)
A10B234,BC387,1.11694345203972,0.166621934820681,B3501,EBV,a105,ALWALPHAA,a105 (EBV)
A11B234,BC387,8.4379061211848,7.25803545111197e-52,B3501,EBV,a106,CVNGSCFTV,a106 (EBV)
A12B234,BC387,0.286852389261465,0.811140008136063,B3501,FLU-A,a107,LLNGWRWRL,a107 (FLU-A)
A14B234,BC387,0.364897497110891,0.782735670901169,B4001,EBV,a109,TLLDHIRTA,a109 (EBV)
A16B234,BC387,0.199639940048731,0.868080535319452,B4001,CMV,a111,SLPITVYYA,a111 (CMV)
A17B234,BC387,3.89501946207001,4.95174658962805e-14,C0602,CMV,a112,YLANGGFLI,a112 (CMV)
A10B235,BC387,3.89365417488746,3.80844448657113e-14,C0702,CMV,a113,FLGAGALAV,a113 (CMV)
A11B235,BC387,3.07398212384528,4.16808078402195e-9,C0702,CMV,a114,MMLRDRWSL,a114 (CMV)
A12B235,BC387,0.276809136711788,0.81413388475441,A0101,Covid-19,ss-a1-4,FTSDYYQLY,ss-a1-4 (Covid-19)
A10B236,BC387,0.378649258254193,0.782735670901169,A0301,Covid-19,ss-a3-9,KCYGVSPTK,ss-a3-9 (Covid-19)
A11B236,BC387,0.940283558613099,0.352219628525969,A0301,Covid-19,ss-a3-12,KTFPPTEPK,ss-a3-12 (Covid-19)
A12B236,BC387,0.344456056643505,0.795298227800612,A2402,Covid-19,ss-a24-31,QYIKWPWYI,ss-a24-31 (Covid-19)
A16B236,BC387,0.0253888771852436,0.991094614976736,A0101,hCoV,sh238,LLEVSVCQY,sh238 (hCoV)
A10B237,BC387,0.612321557800128,0.623313240806746,A0201,hCoV,sh538,LLNNVSYIV,sh538 (hCoV)
A11B237,BC387,0.911874099572077,0.371867212342574,A0201,hCoV,sh849,LYYQNNVFM,sh849 (hCoV)
A15B237,BC387,0.294409798716687,0.81413388475441,A0201,hCoV,sh395,GVLKIVIEL,sh395 (hCoV)
A17B237,BC387,0.6611150550665,0.613647310583305,A0201,hCoV,sh481,YLIAYISFA,sh481 (hCoV)
A10B238,BC387,0.170160766669386,0.87264314443078,A0201,hCoV,sh852,LRIVSSLVL,sh852 (hCoV)
A11B238,BC387,0.290477450932853,0.811140008136063,B0702,hCoV,sh684,HTPRHSFRTL,sh684 (hCoV)
A16B225,BC387,0.0888595055891544,0.955129962043317,B0701,unknown,M2,plate48,M2 (unknown)
A24B200,BC388,0.202485050372178,0.883267291142553,A0201,FLU-A,v3,GILGFVFTL,v3 (FLU-A)
A18B201,BC388,0.51499970869268,0.659645031226283,A0201,EBV,v6,GLCTLVAML,v6 (EBV)
A19B201,BC388,0.342804181827174,0.766651221905689,A0201,EBV,v10,FLYALALLL,v10 (EBV)
A21B201,BC388,1.27851221404255,0.159964613916351,A0201,EBV,v16,YVLDHLIVV,v16 (EBV)
A22B201,BC388,0.620582373412705,0.550308152113045,A0201,CMV,a46,FLYALALLL,a46 (CMV)
A10B226,BC388,0.720333987747776,0.47822239074103,A0201,HHV-1,a50,FLGGHVAVA,a50 (HHV-1)
A11B226,BC388,1.08712767255216,0.178163296379104,A0201,VZV,a51,ILMWEAVTL,a51 (VZV)
A12B226,BC388,0.65591768988281,0.523632274010281,A0201,EBV,a52,SITEVECFL,a52 (EBV)
A17B226,BC388,1.58638122026249,0.0488139014443243,A0201,B19,a57,NLLTTPKFT,a57 (B19)
A10B227,BC388,0.361099823147402,0.744824969564662,A0201,CMV,a58,YLQQNWWTL,a58 (CMV)
A11B227,BC388,1.27756001651104,0.0860509572741309,A0201,EBV,a59,ALMLRLLRI,a59 (EBV)
A10B225,BC388,1.14887776594129,0.139555014846568,A0201,HPV,a61,YLLEMLWRL,a61 (HPV)
A14B227,BC388,0.424788869545565,0.676856639277289,A0201,NWV,a62,AIMDKNIIL,a62 (NWV)
A16B227,BC388,0.493021975749071,0.659645031226283,A0201,HHV-1,a64,KVDDTFYYV,a64 (HHV-1)
A17B227,BC388,0.0746357648328703,0.964706482971573,A0201,EBV,a65,YMLDLQPET,a65 (EBV)
A10B228,BC388,0.298338504723537,0.786034286349066,A0201,CMV,a66,LLLIWFRPV,a66 (CMV)
A11B228,BC388,0.436366320727113,0.661429145812074,A0201,EBV,a67,SLFNTVATL,a67 (EBV)
A11B224,BC388,0.246147343713955,0.821860686598535,A0301,EBV,v25,RVRAYTYSK,v25 (EBV)
A14B228,BC388,1.20290587759564,0.139555014846568,A0301,CMV,a68,LLWTLVVLL,a68 (CMV)
A17B228,BC388,0.673834056283708,0.526451633175561,A2402,FLU-A,a70,SVRDRLARL,a70 (FLU-A)
A11B225,BC388,0.986130138485365,0.238253312721005,A2402,CMV,a74,RLLGFADTV,a74 (CMV)
A17B229,BC388,0.615633543566545,0.536712356717198,A2402,EBV,a78,MLNIPSINV,a78 (EBV)
A11B230,BC388,0.842242202089924,0.362071665125277,A2402,HPV,a80,SLYNTIATL,a80 (HPV)
A12B224,BC388,0.656080162122227,0.495584387301894,B0702,CMV,v14,TPRVTGGGAM,v14 (CMV)
A10B232,BC388,1.08115297774371,0.178163296379104,B0801,CMV,a91,TLLYVLFEV,a91 (CMV)
A11B232,BC388,1.43877540798876,0.0459233886091711,B0801,HIV-1,a92,ALMGAVTSL,a92 (HIV-1)
A12B232,BC388,0.290653835734187,0.802816563105573,B0801,CMV,a93,SLFNTIATL,a93 (CMV)
A10B233,BC388,0.814734026572711,0.401273047048403,B1501,EBV,v40,GQGGSPTAM,v40 (EBV)
A11B233,BC388,1.78593331983301,0.00669061924164882,B2705,EBV,a99,ALSALLTKL,a99 (EBV)
A12B233,BC388,0.110159963830974,0.948426758107386,B2705,EBV,a100,FLTCTDRSV,a100 (EBV)
A14B233,BC388,0.0185569821958199,0.988418918361352,B3501,CMV,v35,IPSINVHHY,v35 (CMV)
A15B233,BC388,2.37526372666265,1.81475818496134e-4,B3501,EBV,a102,LLLGTLNIV,a102 (EBV)
A16B233,BC388,1.087879374757,0.273206688204946,B3501,CMV,a103,FLVDAIVRVA,a103 (CMV)
A17B233,BC388,1.23231209258307,0.139555014846568,B3501,EBV,a104,SLMNVHSNG,a104 (EBV)
A10B234,BC388,1.50840608881558,0.034222853086058,B3501,EBV,a105,ALWALPHAA,a105 (EBV)
A11B234,BC388,8.66646137185022,6.504700491329539e-54,B3501,EBV,a106,CVNGSCFTV,a106 (EBV)
A14B234,BC388,0.921972210064565,0.31768427421351,B4001,EBV,a109,TLLDHIRTA,a109 (EBV)
A16B234,BC388,0.742091757875735,0.47822239074103,B4001,CMV,a111,SLPITVYYA,a111 (CMV)
A17B234,BC388,7.49881830032999,1.2225784499494497e-43,C0602,CMV,a112,YLANGGFLI,a112 (CMV)
A10B235,BC388,5.2173771104291,1.53621937925247e-24,C0702,CMV,a113,FLGAGALAV,a113 (CMV)
A11B235,BC388,4.06174491353929,1.5011244162673301e-15,C0702,CMV,a114,MMLRDRWSL,a114 (CMV)
A15B235,BC388,0.1572768002692,0.885515352190698,A0201,Covid-19,ss-a2-13,RLQSLQTYV,ss-a2-13 (Covid-19)
A17B235,BC388,0.457553202517441,0.661429145812074,A0201,Covid-19,ss-a2-95,ALWEIQQVV,ss-a2-95 (Covid-19)
A10B236,BC388,1.52823362303387,0.0405963685560206,A0301,Covid-19,ss-a3-9,KCYGVSPTK,ss-a3-9 (Covid-19)
A11B236,BC388,0.889053979218129,0.31768427421351,A0301,Covid-19,ss-a3-12,KTFPPTEPK,ss-a3-12 (Covid-19)
A12B236,BC388,0.729880600420947,0.47887521582171,A2402,Covid-19,ss-a24-31,QYIKWPWYI,ss-a24-31 (Covid-19)
A10B237,BC388,0.0461535441117698,0.97200566083931506,A0201,hCoV,sh538,LLNNVSYIV,sh538 (hCoV)
A11B237,BC388,0.507017798654279,0.651974545538915,A0201,hCoV,sh849,LYYQNNVFM,sh849 (hCoV)
A12B237,BC388,0.23088575569942,0.874503493597422,A0201,hCoV,sh503,FLSFKLMGI,sh503 (hCoV)
A24B200,BC389,1.88917275787972,0.00117198256503748,A0201,FLU-A,v3,GILGFVFTL,v3 (FLU-A)
A18B201,BC389,0.221454491350115,0.94235008789788,A0201,EBV,v6,GLCTLVAML,v6 (EBV)
A19B201,BC389,0.993230453290674,0.341790345723443,A0201,EBV,v10,FLYALALLL,v10 (EBV)
A21B201,BC389,1.37242917343003,0.0714327854289533,A0201,EBV,v16,YVLDHLIVV,v16 (EBV)
A22B201,BC389,5.30418832450532,9.755286576647619e-25,A0201,CMV,a46,FLYALALLL,a46 (CMV)
A10B226,BC389,0.210405795143434,0.94235008789788,A0201,HHV-1,a50,FLGGHVAVA,a50 (HHV-1)
A11B226,BC389,0.547849152777573,0.716916541612943,A0201,VZV,a51,ILMWEAVTL,a51 (VZV)
A12B226,BC389,0.35417742978646,0.858172851767055,A0201,EBV,a52,SITEVECFL,a52 (EBV)
A16B226,BC389,0.149890375284202,0.94235008789788,A0201,EBV,a56,NMLSTVLGV,a56 (EBV)
A17B226,BC389,1.33711454406656,0.0839727042378109,A0201,B19,a57,NLLTTPKFT,a57 (B19)
A10B227,BC389,1.94683122462235,6.82332246295292e-4,A0201,CMV,a58,YLQQNWWTL,a58 (CMV)
A11B227,BC389,2.98751192914381,6.15129759312749e-9,A0201,EBV,a59,ALMLRLLRI,a59 (EBV)
A12B227,BC389,2.80476347231745,7.66847600985298e-8,A0201,HPV,a60,FIPQYLSAV,a60 (HPV)
A10B225,BC389,0.343975995702665,0.858172851767055,A0201,HPV,a61,YLLEMLWRL,a61 (HPV)
A14B227,BC389,0.189106454543123,0.94235008789788,A0201,NWV,a62,AIMDKNIIL,a62 (NWV)
A16B227,BC389,0.333206265826448,0.888254990425416,A0201,HHV-1,a64,KVDDTFYYV,a64 (HHV-1)
A17B227,BC389,0.390512596622574,0.858172851767055,A0201,EBV,a65,YMLDLQPET,a65 (EBV)
A10B228,BC389,0.172770924817024,0.94235008789788,A0201,CMV,a66,LLLIWFRPV,a66 (CMV)
A11B228,BC389,0.586739245791876,0.716916541612943,A0201,EBV,a67,SLFNTVATL,a67 (EBV)
A12B228,BC389,0.458125064286318,0.848617908430616,A0301,EBV,v18,RLRAEAQVK,v18 (EBV)
A11B224,BC389,0.482212316138308,0.802296205335336,A0301,EBV,v25,RVRAYTYSK,v25 (EBV)
A14B228,BC389,0.0255863754659888,0.991870353817799,A0301,CMV,a68,LLWTLVVLL,a68 (CMV)
A17B228,BC389,0.268479453602213,0.94235008789788,A2402,FLU-A,a70,SVRDRLARL,a70 (FLU-A)
A12B229,BC389,0.0332942815410864,0.983172469321242,A2402,CMV,a73,FLADAVVRL,a73 (CMV)
A11B225,BC389,1.10624546669316,0.172483689297757,A2402,CMV,a74,RLLGFADTV,a74 (CMV)
A16B229,BC389,0.37569366584299,0.858172851767055,A2402,BKPyV,a77,AITEVECFL,a77 (BKPyV)
A11B230,BC389,0.285995400888304,0.916795532466615,A2402,HPV,a80,SLYNTIATL,a80 (HPV)
A12B224,BC389,0.596167198426305,0.716916541612943,B0702,CMV,v14,TPRVTGGGAM,v14 (CMV)
A17B230,BC389,0.010312709182268,0.991870353817799,B0702,HHV-2,a85,GLNDYLHSV,a85 (HHV-2)
A12B225,BC389,0.193636310468758,0.94235008789788,B0702,EBV,a89,RLNEVAKNL,a89 (EBV)
A10B232,BC389,0.221480532638543,0.94235008789788,B0801,CMV,a91,TLLYVLFEV,a91 (CMV)
A11B232,BC389,0.86830484775865,0.408521012829077,B0801,HIV-1,a92,ALMGAVTSL,a92 (HIV-1)
A12B232,BC389,0.0385554556515483,0.983172469321242,B0801,CMV,a93,SLFNTIATL,a93 (CMV)
A10B233,BC389,0.085054885300877,0.983172469321242,B1501,EBV,v40,GQGGSPTAM,v40 (EBV)
A11B233,BC389,4.04358191654934,1.4431396839411101e-15,B2705,EBV,a99,ALSALLTKL,a99 (EBV)
A12B233,BC389,4.32417996601215,3.11370042873985e-17,B2705,EBV,a100,FLTCTDRSV,a100 (EBV)
A14B233,BC389,0.225567413866189,0.94235008789788,B3501,CMV,v35,IPSINVHHY,v35 (CMV)
A15B233,BC389,1.80955493144511,0.00442107974870461,B3501,EBV,a102,LLLGTLNIV,a102 (EBV)
A16B233,BC389,0.571765507959944,0.716916541612943,B3501,CMV,a103,FLVDAIVRVA,a103 (CMV)
A11B234,BC389,0.0370145626854647,0.983172469321242,B3501,EBV,a106,CVNGSCFTV,a106 (EBV)
A14B234,BC389,0.402081311505558,0.858172851767055,B4001,EBV,a109,TLLDHIRTA,a109 (EBV)
A16B234,BC389,0.461068890084422,0.848617908430616,B4001,CMV,a111,SLPITVYYA,a111 (CMV)
A17B234,BC389,6.53197019869567,6.308707574497609e-35,C0602,CMV,a112,YLANGGFLI,a112 (CMV)
A10B235,BC389,4.26193183172788,3.5293895210884704e-17,C0702,CMV,a113,FLGAGALAV,a113 (CMV)
A11B235,BC389,3.07259803401444,2.2105608048568e-9,C0702,CMV,a114,MMLRDRWSL,a114 (CMV)
A14B225,BC389,3.20930745556851,5.63442930055033e-10,A0101,Covid-19,ss-a1-31,CTDDNALAYY,ss-a1-31 (Covid-19)
A17B235,BC389,0.552243696376245,0.716916541612943,A0201,Covid-19,ss-a2-95,ALWEIQQVV,ss-a2-95 (Covid-19)
A11B236,BC389,0.733000122191645,0.556205632569527,A0301,Covid-19,ss-a3-12,KTFPPTEPK,ss-a3-12 (Covid-19)
A12B236,BC389,0.384023756763944,0.858172851767055,A2402,Covid-19,ss-a24-31,QYIKWPWYI,ss-a24-31 (Covid-19)
A11B237,BC389,0.820051109302546,0.462218873526091,A0201,hCoV,sh849,LYYQNNVFM,sh849 (hCoV)
A12B237,BC389,0.233992617892312,0.94235008789788,A0201,hCoV,sh503,FLSFKLMGI,sh503 (hCoV)
A10B238,BC389,0.260116855508101,0.94235008789788,A0201,hCoV,sh852,LRIVSSLVL,sh852 (hCoV)
A11B238,BC389,0.145047207029605,0.94235008789788,B0702,hCoV,sh684,HTPRHSFRTL,sh684 (hCoV)
A19B200,BC390,0.0105811504908782,0.980693395812437,A0101,CMV,v15,VTEHDTLLY,v15 (CMV)
A21B201,BC390,0.792089073889555,0.494412852227794,A0201,EBV,v16,YVLDHLIVV,v16 (EBV)
A23B201,BC390,0.53704376008972,0.648842329254771,A0201,B19,a47,RLNELLAYV,a47 (B19)
A25B201,BC390,0.144661502240963,0.896491331618439,A0201,EBV,a49,FLGDDPSPA,a49 (EBV)
A10B226,BC390,1.163867841705,0.200445948596436,A0201,HHV-1,a50,FLGGHVAVA,a50 (HHV-1)
A11B226,BC390,0.873289468317345,0.435492913394102,A0201,VZV,a51,ILMWEAVTL,a51 (VZV)
A12B226,BC390,0.0225828040455054,0.980693395812437,A0201,EBV,a52,SITEVECFL,a52 (EBV)
A10B224,BC390,0.0399193673231679,0.96837632148614206,A0201,HAdV-C,a53,TIHDIILECV,a53 (HAdV-C)
A17B226,BC390,1.00554719218755,0.435492913394102,A0201,B19,a57,NLLTTPKFT,a57 (B19)
A10B227,BC390,0.623572681909345,0.532917103861666,A0201,CMV,a58,YLQQNWWTL,a58 (CMV)
A11B227,BC390,0.57655441430445,0.542786835059403,A0201,EBV,a59,ALMLRLLRI,a59 (EBV)
A12B227,BC390,0.473445347572762,0.65896827566722,A0201,HPV,a60,FIPQYLSAV,a60 (HPV)
A10B225,BC390,0.934122755913382,0.398292787121017,A0201,HPV,a61,YLLEMLWRL,a61 (HPV)
A14B227,BC390,0.401583549950178,0.7104132750097,A0201,NWV,a62,AIMDKNIIL,a62 (NWV)
A17B227,BC390,0.155303434532565,0.892762713893881,A0201,EBV,a65,YMLDLQPET,a65 (EBV)
A10B228,BC390,0.990426189168446,0.398292787121017,A0201,CMV,a66,LLLIWFRPV,a66 (CMV)
A11B228,BC390,0.785454007628936,0.443949191045504,A0201,EBV,a67,SLFNTVATL,a67 (EBV)
A11B224,BC390,0.741928258457547,0.451479869864694,A0301,EBV,v25,RVRAYTYSK,v25 (EBV)
A11B225,BC390,1.1773939860016,0.190596119979061,A2402,CMV,a74,RLLGFADTV,a74 (CMV)
A11B230,BC390,0.278815043271634,0.824717194924461,A2402,HPV,a80,SLYNTIATL,a80 (HPV)
A12B224,BC390,0.33823123270823,0.771104611033593,B0702,CMV,v14,TPRVTGGGAM,v14 (CMV)
A14B230,BC390,2.83454675462519,1.41035321870035e-7,B0702,CMV,a82,ILKEPVHGV,a82 (CMV)
A11B231,BC390,0.136761700448375,0.892762713893881,B0702,JCPyV,a87,CLTEYILWV,a87 (JCPyV)
A15B231,BC390,0.610093017997637,0.535839063974991,B0801,EBV,v17,RAKFKQLL,v17 (EBV)
A16B231,BC390,4.47754251148631,1.7554175804819098e-18,B0801,CMV,v22,ELRRKMMYM,v22 (CMV)
A10B232,BC390,2.25254671017474,5.28286278703474e-5,B0801,CMV,a91,TLLYVLFEV,a91 (CMV)
A11B232,BC390,4.40862898466842,2.5343316670458e-18,B0801,HIV-1,a92,ALMGAVTSL,a92 (HIV-1)
A12B232,BC390,4.92577216964751,6.71658794045328e-22,B0801,CMV,a93,SLFNTIATL,a93 (CMV)
A10B239,BC390,2.31157877988368,3.00775473020535e-5,B0801,HIV-1,a94,SLFNTVAVL,a94 (HIV-1)
A17B232,BC390,0.811170458965794,0.443949191045504,B0801,HAdV-C,a98,ILDDNLYKV,a98 (HAdV-C)
A10B233,BC390,0.203046477578212,0.87283422732181,B1501,EBV,v40,GQGGSPTAM,v40 (EBV)
A11B233,BC390,0.795736955461053,0.443949191045504,B2705,EBV,a99,ALSALLTKL,a99 (EBV)
A12B233,BC390,0.622881682373087,0.535839063974991,B2705,EBV,a100,FLTCTDRSV,a100 (EBV)
A15B233,BC390,0.850476244583575,0.469619343399384,B3501,EBV,a102,LLLGTLNIV,a102 (EBV)
A17B234,BC390,4.068173798728,1.42777800703948e-15,C0602,CMV,a112,YLANGGFLI,a112 (CMV)
A10B235,BC390,7.83767692842643,1.02683560663323e-46,C0702,CMV,a113,FLGAGALAV,a113 (CMV)
A11B235,BC390,5.22125893591413,2.20996855246277e-24,C0702,CMV,a114,MMLRDRWSL,a114 (CMV)
A12B235,BC390,0.693470556763973,0.494412852227794,A0101,Covid-19,ss-a1-4,FTSDYYQLY,ss-a1-4 (Covid-19)
A14B225,BC390,0.15068102565407,0.892762713893881,A0101,Covid-19,ss-a1-31,CTDDNALAYY,ss-a1-31 (Covid-19)
A15B235,BC390,0.928931635308634,0.40721133345014,A0201,Covid-19,ss-a2-13,RLQSLQTYV,ss-a2-13 (Covid-19)
A16B235,BC390,0.565621818736102,0.598470997081374,A0201,Covid-19,ss-a2-57,LLLDRLNQL,ss-a2-57 (Covid-19)
A17B235,BC390,0.991634296921618,0.398292787121017,A0201,Covid-19,ss-a2-95,ALWEIQQVV,ss-a2-95 (Covid-19)
A10B236,BC390,0.661048585552509,0.532917103861666,A0301,Covid-19,ss-a3-9,KCYGVSPTK,ss-a3-9 (Covid-19)
A11B236,BC390,0.602312950838418,0.532917103861666,A0301,Covid-19,ss-a3-12,KTFPPTEPK,ss-a3-12 (Covid-19)
A12B236,BC390,0.694435833393554,0.494412852227794,A2402,Covid-19,ss-a24-31,QYIKWPWYI,ss-a24-31 (Covid-19)
A10B237,BC390,0.766082118654012,0.445302718108319,A0201,hCoV,sh538,LLNNVSYIV,sh538 (hCoV)
A11B237,BC390,0.952650618522275,0.398292787121017,A0201,hCoV,sh849,LYYQNNVFM,sh849 (hCoV)
A12B237,BC390,0.264773714670006,0.850039491884826,A0201,hCoV,sh503,FLSFKLMGI,sh503 (hCoV)
A14B237,BC390,0.269122394329183,0.841725163423155,A0201,hCoV,sh394,FLFSCIITA,sh394 (hCoV)
A16B237,BC390,0.213612719555465,0.87283422732181,A0201,hCoV,sh537,SIISGTAFL,sh537 (hCoV)
A10B238,BC390,0.321684822548525,0.795610931449218,A0201,hCoV,sh852,LRIVSSLVL,sh852 (hCoV)
A11B238,BC390,0.531883559564028,0.606489542912719,B0702,hCoV,sh684,HTPRHSFRTL,sh684 (hCoV)
A21B201,BC391,0.556423487753715,0.621254625605791,A0201,EBV,v16,YVLDHLIVV,v16 (EBV)
A10B226,BC391,1.03275747776305,0.193996204554891,A0201,HHV-1,a50,FLGGHVAVA,a50 (HHV-1)
A11B226,BC391,0.472770748923631,0.645451029184446,A0201,VZV,a51,ILMWEAVTL,a51 (VZV)
A17B226,BC391,1.81455001069194,0.00463373050005959,A0201,B19,a57,NLLTTPKFT,a57 (B19)
A11B227,BC391,0.382998619548492,0.733104434375956,A0201,EBV,a59,ALMLRLLRI,a59 (EBV)
A12B227,BC391,0.275726253950793,0.772954900192922,A0201,HPV,a60,FIPQYLSAV,a60 (HPV)
A10B225,BC391,0.016514617781635,0.96694358360111,A0201,HPV,a61,YLLEMLWRL,a61 (HPV)
A14B227,BC391,0.387261550771093,0.733104434375956,A0201,NWV,a62,AIMDKNIIL,a62 (NWV)
A16B227,BC391,0.696614815943699,0.492869367171068,A0201,HHV-1,a64,KVDDTFYYV,a64 (HHV-1)
A17B227,BC391,0.586819999157512,0.573260805319675,A0201,EBV,a65,YMLDLQPET,a65 (EBV)
A10B228,BC391,0.249532295959112,0.772954900192922,A0201,CMV,a66,LLLIWFRPV,a66 (CMV)
A11B228,BC391,0.240809138109055,0.772954900192922,A0201,EBV,a67,SLFNTVATL,a67 (EBV)
A12B228,BC391,0.318621483861495,0.772954900192922,A0301,EBV,v18,RLRAEAQVK,v18 (EBV)
A14B228,BC391,0.53681718459986,0.615115967566382,A0301,CMV,a68,LLWTLVVLL,a68 (CMV)
A17B228,BC391,0.389078205187616,0.733104434375956,A2402,FLU-A,a70,SVRDRLARL,a70 (FLU-A)
A16B229,BC391,0.638912770520274,0.541001639029512,A2402,BKPyV,a77,AITEVECFL,a77 (BKPyV)
A17B229,BC391,0.754507039927535,0.464845536350667,A2402,EBV,a78,MLNIPSINV,a78 (EBV)
A10B230,BC391,0.141466351027533,0.874942228836317,A2402,FLU-A,a79,TLDYKPLSV,a79 (FLU-A)
A11B230,BC391,0.351888250187691,0.738735771370514,A2402,HPV,a80,SLYNTIATL,a80 (HPV)
A12B224,BC391,0.00637016456890623,0.96694358360111,B0702,CMV,v14,TPRVTGGGAM,v14 (CMV)
A14B230,BC391,4.37338852016558,1.89179641534575e-17,B0702,CMV,a82,ILKEPVHGV,a82 (CMV)
A16B230,BC391,2.21918820245793,9.75802741745334e-5,B0702,EBV,a84,FLTSVINRV,a84 (EBV)
A17B230,BC391,0.685445041617058,0.502479143067914,B0702,HHV-2,a85,GLNDYLHSV,a85 (HHV-2)
A10B231,BC391,0.273859591118925,0.772954900192922,B0702,EBV,a86,KLTPLCVTL,a86 (EBV)
A12B231,BC391,0.0999436842253374,0.902198985888811,B0702,HHV-1,a88,ALLGLTLGV,a88 (HHV-1)
A10B232,BC391,1.39114110954712,0.0352582736978217,B0801,CMV,a91,TLLYVLFEV,a91 (CMV)
A11B232,BC391,1.49311122467021,0.0197847160924405,B0801,HIV-1,a92,ALMGAVTSL,a92 (HIV-1)
A12B232,BC391,0.193883203025453,0.822655878747937,B0801,CMV,a93,SLFNTIATL,a93 (CMV)
A10B239,BC391,4.25376124967927,5.64866696019889e-17,B0801,HIV-1,a94,SLFNTVAVL,a94 (HIV-1)
A17B232,BC391,0.26734766181482,0.772954900192922,B0801,HAdV-C,a98,ILDDNLYKV,a98 (HAdV-C)
A10B233,BC391,0.758783958027067,0.464845536350667,B1501,EBV,v40,GQGGSPTAM,v40 (EBV)
A11B233,BC391,1.47678198078449,0.022701543205211,B2705,EBV,a99,ALSALLTKL,a99 (EBV)
A12B233,BC391,0.401081973295779,0.733104434375956,B2705,EBV,a100,FLTCTDRSV,a100 (EBV)
A14B233,BC391,0.542863033027905,0.621254625605791,B3501,CMV,v35,IPSINVHHY,v35 (CMV)
A15B233,BC391,2.81882272704078,3.0253877721867e-7,B3501,EBV,a102,LLLGTLNIV,a102 (EBV)
A16B233,BC391,1.22187321480138,0.121165677886497,B3501,CMV,a103,FLVDAIVRVA,a103 (CMV)
A11B234,BC391,0.044927669717839,0.951813757607488,B3501,EBV,a106,CVNGSCFTV,a106 (EBV)
A14B234,BC391,0.944906990457746,0.280897861296737,B4001,EBV,a109,TLLDHIRTA,a109 (EBV)
A16B234,BC391,0.805343708298027,0.436712600238784,B4001,CMV,a111,SLPITVYYA,a111 (CMV)
A17B234,BC391,7.73019263243757,1.8859042218150298e-45,C0602,CMV,a112,YLANGGFLI,a112 (CMV)
A10B235,BC391,3.77902183306639,1.08358022470574e-13,C0702,CMV,a113,FLGAGALAV,a113 (CMV)
A11B235,BC391,2.73400072676159,2.97210791605539e-7,C0702,CMV,a114,MMLRDRWSL,a114 (CMV)
A16B235,BC391,0.305217384800365,0.772954900192922,A0201,Covid-19,ss-a2-57,LLLDRLNQL,ss-a2-57 (Covid-19)
A17B235,BC391,0.584927359461026,0.573260805319675,A0201,Covid-19,ss-a2-95,ALWEIQQVV,ss-a2-95 (Covid-19)
A10B236,BC391,0.248921470199346,0.772954900192922,A0301,Covid-19,ss-a3-9,KCYGVSPTK,ss-a3-9 (Covid-19)
A11B236,BC391,0.246532354216005,0.772954900192922,A0301,Covid-19,ss-a3-12,KTFPPTEPK,ss-a3-12 (Covid-19)
A12B236,BC391,0.364817643195261,0.733104434375956,A2402,Covid-19,ss-a24-31,QYIKWPWYI,ss-a24-31 (Covid-19)
A17B236,BC391,0.68139646910298,0.502479143067914,A0101,hCoV,sh236,"NADYLYFHFY",sh236 (hCoV)
A10B237,BC391,0.223138976465118,0.796041188187007,A0201,hCoV,sh538,LLNNVSYIV,sh538 (hCoV)
A11B237,BC391,0.130758132269863,0.878535737616894,A0201,hCoV,sh849,LYYQNNVFM,sh849 (hCoV)
A11B238,BC391,1.58142901162824,0.012506829839572,B0702,hCoV,sh684,HTPRHSFRTL,sh684 (hCoV)
A12B238,BC391,1.68122849274809,0.00972493487121612,B0702,hCoV,sh698,MHTPRHSFRTL,sh698 (hCoV)
A16B225,BC391,0.138856817861227,0.874942228836317,B0701,unknown,M2,plate48,M2 (unknown)
A17B224,BC391,1.57180559139887,0.012506829839572,A0201,unknown,O1,plate48,O1 (unknown)
A24B200,BC393,0.129846744295777,0.924426466084216,A0201,FLU-A,v3,GILGFVFTL,v3 (FLU-A)
A18B201,BC393,2.602878824521,2.65761266731336e-6,A0201,EBV,v6,GLCTLVAML,v6 (EBV)
A19B201,BC393,0.323759232911963,0.777711819685757,A0201,EBV,v10,FLYALALLL,v10 (EBV)
A21B201,BC393,0.93526032176043,0.409923297139607,A0201,EBV,v16,YVLDHLIVV,v16 (EBV)
A25B201,BC393,0.239024828940824,0.855555421894176,A0201,EBV,a49,FLGDDPSPA,a49 (EBV)
A10B226,BC393,1.6744848109703,0.00771480891035005,A0201,HHV-1,a50,FLGGHVAVA,a50 (HHV-1)
A11B226,BC393,0.814678684124343,0.485266403030493,A0201,VZV,a51,ILMWEAVTL,a51 (VZV)
A12B226,BC393,1.12610245613743,0.230241461480855,A0201,EBV,a52,SITEVECFL,a52 (EBV)
A15B226,BC393,0.118688176570982,0.933151918562534,A0201,VACV,a55,TLGIVCPI,a55 (VACV)
A17B226,BC393,0.751995422429748,0.577416309363595,A0201,B19,a57,NLLTTPKFT,a57 (B19)
A10B227,BC393,0.208399936984742,0.863999538864314,A0201,CMV,a58,YLQQNWWTL,a58 (CMV)
A11B227,BC393,0.384924009745301,0.720493093494204,A0201,EBV,a59,ALMLRLLRI,a59 (EBV)
A12B227,BC393,0.369109897341355,0.726446818147193,A0201,HPV,a60,FIPQYLSAV,a60 (HPV)
A10B225,BC393,0.963085460439492,0.354419902778373,A0201,HPV,a61,YLLEMLWRL,a61 (HPV)
A14B227,BC393,0.565856870933076,0.59962091421717,A0201,NWV,a62,AIMDKNIIL,a62 (NWV)
A16B227,BC393,1.01174396797736,0.329914654065187,A0201,HHV-1,a64,KVDDTFYYV,a64 (HHV-1)
A17B227,BC393,0.447382977066565,0.667952914294869,A0201,EBV,a65,YMLDLQPET,a65 (EBV)
A10B228,BC393,0.562464224186454,0.59962091421717,A0201,CMV,a66,LLLIWFRPV,a66 (CMV)
A11B228,BC393,0.429275531195004,0.678388630769124,A0201,EBV,a67,SLFNTVATL,a67 (EBV)
A11B224,BC393,0.40049237609354,0.718183835257053,A0301,EBV,v25,RVRAYTYSK,v25 (EBV)
A14B228,BC393,0.637944166304453,0.577416309363595,A0301,CMV,a68,LLWTLVVLL,a68 (CMV)
A17B228,BC393,0.101070965335428,0.951309905297161,A2402,FLU-A,a70,SVRDRLARL,a70 (FLU-A)
A11B225,BC393,0.81027574102274,0.485266403030493,A2402,CMV,a74,RLLGFADTV,a74 (CMV)
A16B229,BC393,0.53106842738662,0.606882433501994,A2402,BKPyV,a77,AITEVECFL,a77 (BKPyV)
A17B229,BC393,0.519947650610569,0.606882433501994,A2402,EBV,a78,MLNIPSINV,a78 (EBV)
A11B230,BC393,0.506220887824561,0.606882433501994,A2402,HPV,a80,SLYNTIATL,a80 (HPV)
A12B224,BC393,0.0207792677880495,0.992115528345479,B0702,CMV,v14,TPRVTGGGAM,v14 (CMV)
A15B231,BC393,3.70304169334973,6.25832842637806e-13,B0801,EBV,v17,RAKFKQLL,v17 (EBV)
A10B232,BC393,1.27705005167141,0.102162923979437,B0801,CMV,a91,TLLYVLFEV,a91 (CMV)
A11B232,BC393,1.29596872511474,0.0984939215370078,B0801,HIV-1,a92,ALMGAVTSL,a92 (HIV-1)
A12B232,BC393,0.504310525993041,0.609251938243781,B0801,CMV,a93,SLFNTIATL,a93 (CMV)
A10B233,BC393,0.684980622242524,0.577416309363595,B1501,EBV,v40,GQGGSPTAM,v40 (EBV)
A11B233,BC393,2.3116155801282,4.30193385468035e-5,B2705,EBV,a99,ALSALLTKL,a99 (EBV)
A12B233,BC393,2.09517734221116,2.72053226060229e-4,B2705,EBV,a100,FLTCTDRSV,a100 (EBV)
A14B233,BC393,0.64684987620359,0.577416309363595,B3501,CMV,v35,IPSINVHHY,v35 (CMV)
A15B233,BC393,2.23119714706556,1.56391446329864e-4,B3501,EBV,a102,LLLGTLNIV,a102 (EBV)
A16B233,BC393,0.420188585377186,0.718183835257053,B3501,CMV,a103,FLVDAIVRVA,a103 (CMV)
A14B234,BC393,0.0557532049770566,0.973035759323532,B4001,EBV,a109,TLLDHIRTA,a109 (EBV)
A17B234,BC393,3.86187973765702,7.850685661187361e-14,C0602,CMV,a112,YLANGGFLI,a112 (CMV)
A10B235,BC393,0.629567057849157,0.577416309363595,C0702,CMV,a113,FLGAGALAV,a113 (CMV)
A11B235,BC393,0.681298807700992,0.577416309363595,C0702,CMV,a114,MMLRDRWSL,a114 (CMV)
A14B225,BC393,5.50660406982667,3.19046404214827e-26,A0101,Covid-19,ss-a1-31,CTDDNALAYY,ss-a1-31 (Covid-19)
A10B236,BC393,0.222854349297916,0.861845788819537,A0301,Covid-19,ss-a3-9,KCYGVSPTK,ss-a3-9 (Covid-19)
A11B236,BC393,0.49218287522863,0.613248956157563,A0301,Covid-19,ss-a3-12,KTFPPTEPK,ss-a3-12 (Covid-19)
A12B236,BC393,0.536338214345633,0.606882433501994,A2402,Covid-19,ss-a24-31,QYIKWPWYI,ss-a24-31 (Covid-19)
A17B236,BC393,0.0799472812392566,0.968173030873466,A0101,hCoV,sh236,"NADYLYFHFY",sh236 (hCoV)
A10B237,BC393,0.637390318424456,0.577416309363595,A0201,hCoV,sh538,LLNNVSYIV,sh538 (hCoV)
A11B237,BC393,0.589521282091127,0.577416309363595,A0201,hCoV,sh849,LYYQNNVFM,sh849 (hCoV)
A12B237,BC393,0.295709935763481,0.803786764378811,A0201,hCoV,sh503,FLSFKLMGI,sh503 (hCoV)
A14B237,BC393,0.04589841741168,0.975584224314376,A0201,hCoV,sh394,FLFSCIITA,sh394 (hCoV)
A15B237,BC393,7.42407722075184e-4,1,A0201,hCoV,sh395,GVLKIVIEL,sh395 (hCoV)
A10B238,BC393,0.0619865585351538,0.968173030873466,A0201,hCoV,sh852,LRIVSSLVL,sh852 (hCoV)
A16B225,BC393,0.660451800877827,0.577416309363595,B0701,unknown,M2,plate48,M2 (unknown)
A19B200,BC394,0.0837536989191416,0.956118752290138,A0101,CMV,v15,VTEHDTLLY,v15 (CMV)
A24B200,BC394,0.18823987086983,0.948133063049459,A0201,FLU-A,v3,GILGFVFTL,v3 (FLU-A)
A25B200,BC394,0.170296316437238,0.948133063049459,A0201,EBV,v5,CLGGLLTMV,v5 (EBV)
A18B201,BC394,0.684450262639787,0.660427479983471,A0201,EBV,v6,GLCTLVAML,v6 (EBV)
A19B201,BC394,0.418416449604488,0.863701791403223,A0201,EBV,v10,FLYALALLL,v10 (EBV)
A21B201,BC394,0.687857002766624,0.660427479983471,A0201,EBV,v16,YVLDHLIVV,v16 (EBV)
A22B201,BC394,0.425516450010734,0.863701791403223,A0201,CMV,a46,FLYALALLL,a46 (CMV)
A23B201,BC394,0.181119880406878,0.948133063049459,A0201,B19,a47,RLNELLAYV,a47 (B19)
A25B201,BC394,0.555449146712358,0.756374226129751,A0201,EBV,a49,FLGDDPSPA,a49 (EBV)
A10B226,BC394,1.08101230997636,0.328973415787022,A0201,HHV-1,a50,FLGGHVAVA,a50 (HHV-1)
A11B226,BC394,0.798060433204644,0.56054933314143,A0201,VZV,a51,ILMWEAVTL,a51 (VZV)
A12B226,BC394,0.15942559163235,0.950983490184868,A0201,EBV,a52,SITEVECFL,a52 (EBV)
A10B224,BC394,0.432721186426497,0.863701791403223,A0201,HAdV-C,a53,TIHDIILECV,a53 (HAdV-C)
A14B226,BC394,0.0983270123963298,0.956118752290138,A0201,VACV,a54,GIFEDRAPV,a54 (VACV)
A17B226,BC394,0.626903246082334,0.689703430152392,A0201,B19,a57,NLLTTPKFT,a57 (B19)
A10B227,BC394,0.680124489941633,0.660427479983471,A0201,CMV,a58,YLQQNWWTL,a58 (CMV)
A11B227,BC394,0.672912984747274,0.660427479983471,A0201,EBV,a59,ALMLRLLRI,a59 (EBV)
A12B227,BC394,0.881762914177599,0.488588723897423,A0201,HPV,a60,FIPQYLSAV,a60 (HPV)
A10B225,BC394,1.20527532420369,0.322845530472715,A0201,HPV,a61,YLLEMLWRL,a61 (HPV)
A14B227,BC394,0.248468018926546,0.948133063049459,A0201,NWV,a62,AIMDKNIIL,a62 (NWV)
A15B227,BC394,0.0770156599021683,0.956118752290138,A0201,HMPV,a63,LLDFVRFMGV,a63 (HMPV)
A16B227,BC394,0.183574112058496,0.948133063049459,A0201,HHV-1,a64,KVDDTFYYV,a64 (HHV-1)
A17B227,BC394,0.511058491305572,0.775411021456323,A0201,EBV,a65,YMLDLQPET,a65 (EBV)
A10B228,BC394,0.825045701342131,0.56054933314143,A0201,CMV,a66,LLLIWFRPV,a66 (CMV)
A11B228,BC394,0.895207941527121,0.486487644358058,A0201,EBV,a67,SLFNTVATL,a67 (EBV)
A11B224,BC394,0.866445909193671,0.488588723897423,A0301,EBV,v25,RVRAYTYSK,v25 (EBV)
A17B228,BC394,0.0925753189899491,0.956118752290138,A2402,FLU-A,a70,SVRDRLARL,a70 (FLU-A)
A11B225,BC394,1.25290546047338,0.322845530472715,A2402,CMV,a74,RLLGFADTV,a74 (CMV)
A11B230,BC394,0.362548986318143,0.87798170436743,A2402,HPV,a80,SLYNTIATL,a80 (HPV)
A12B224,BC394,0.224600413043328,0.948133063049459,B0702,CMV,v14,TPRVTGGGAM,v14 (CMV)
A12B225,BC394,0.529716466128698,0.758415276622619,B0702,EBV,a89,RLNEVAKNL,a89 (EBV)
A10B232,BC394,0.18328591973052,0.948133063049459,B0801,CMV,a91,TLLYVLFEV,a91 (CMV)
A11B232,BC394,0.39315416565045,0.863701791403223,B0801,HIV-1,a92,ALMGAVTSL,a92 (HIV-1)
A10B239,BC394,0.0422557733373479,0.956118752290138,B0801,HIV-1,a94,SLFNTVAVL,a94 (HIV-1)
A10B233,BC394,0.19683983891592,0.948133063049459,B1501,EBV,v40,GQGGSPTAM,v40 (EBV)
A11B233,BC394,0.573212622473292,0.698016484679886,B2705,EBV,a99,ALSALLTKL,a99 (EBV)
A15B233,BC394,0.845363155684926,0.56054933314143,B3501,EBV,a102,LLLGTLNIV,a102 (EBV)
A17B234,BC394,2.59952951998161,4.22202197428069e-6,C0602,CMV,a112,YLANGGFLI,a112 (CMV)
A10B235,BC394,1.13774572722763,0.322845530472715,C0702,CMV,a113,FLGAGALAV,a113 (CMV)
A11B235,BC394,0.993635738819091,0.400906400957806,C0702,CMV,a114,MMLRDRWSL,a114 (CMV)
A12B235,BC394,0.0962489457758322,0.956118752290138,A0101,Covid-19,ss-a1-4,FTSDYYQLY,ss-a1-4 (Covid-19)
A14B225,BC394,0.128342124595259,0.956118752290138,A0101,Covid-19,ss-a1-31,CTDDNALAYY,ss-a1-31 (Covid-19)
A15B235,BC394,0.209224052705057,0.948133063049459,A0201,Covid-19,ss-a2-13,RLQSLQTYV,ss-a2-13 (Covid-19)
A16B235,BC394,0.0469763090155175,0.956118752290138,A0201,Covid-19,ss-a2-57,LLLDRLNQL,ss-a2-57 (Covid-19)
A17B235,BC394,0.330691452712291,0.906347788337722,A0201,Covid-19,ss-a2-95,ALWEIQQVV,ss-a2-95 (Covid-19)
A11B236,BC394,0.621775593183128,0.689703430152392,A0301,Covid-19,ss-a3-12,KTFPPTEPK,ss-a3-12 (Covid-19)
A12B236,BC394,0.58841032739211,0.689703430152392,A2402,Covid-19,ss-a24-31,QYIKWPWYI,ss-a24-31 (Covid-19)
A10B237,BC394,0.79614295974529,0.56054933314143,A0201,hCoV,sh538,LLNNVSYIV,sh538 (hCoV)
A11B237,BC394,1.12601389433195,0.322845530472715,A0201,hCoV,sh849,LYYQNNVFM,sh849 (hCoV)
A12B237,BC394,0.937137131483126,0.459643328673076,A0201,hCoV,sh503,FLSFKLMGI,sh503 (hCoV)
A15B225,BC394,0.0221230191776533,0.964906265313399,A0201,hCoV,sh487,SLLSVTSVV,sh487 (hCoV)
A14B237,BC394,0.374443712934611,0.87798170436743,A0201,hCoV,sh394,FLFSCIITA,sh394 (hCoV)
A15B237,BC394,0.118831971173349,0.956118752290138,A0201,hCoV,sh395,GVLKIVIEL,sh395 (hCoV)
A17B237,BC394,0.0382375884189444,0.956118752290138,A0201,hCoV,sh481,YLIAYISFA,sh481 (hCoV)
A10B238,BC394,0.500223175658911,0.776715857381235,A0201,hCoV,sh852,LRIVSSLVL,sh852 (hCoV)
A11B238,BC394,0.67834201074016,0.660427479983471,B0702,hCoV,sh684,HTPRHSFRTL,sh684 (hCoV)
A12B238,BC394,0.0200634917138354,0.964906265313399,B0702,hCoV,sh698,MHTPRHSFRTL,sh698 (hCoV)
A17B224,BC394,0.175157007853399,0.948133063049459,A0201,unknown,O1,plate48,O1 (unknown)
A23B200,BC395,0.0319335792615772,0.966581520451712,A0101,HAdV-C,a45,YMLDLQPETT,a45 (HAdV-C)
A21B201,BC395,1.49985053173621,0.0229983206102553,A0201,EBV,v16,YVLDHLIVV,v16 (EBV)
A22B201,BC395,0.0566387675109938,0.948285454496102,A0201,CMV,a46,FLYALALLL,a46 (CMV)
A25B201,BC395,1.85144603900795,0.00209703590877407,A0201,EBV,a49,FLGDDPSPA,a49 (EBV)
A10B226,BC395,1.60301263557937,0.00868563349828099,A0201,HHV-1,a50,FLGGHVAVA,a50 (HHV-1)
A11B226,BC395,0.863452986397237,0.290902302473665,A0201,VZV,a51,ILMWEAVTL,a51 (VZV)
A12B226,BC395,0.370447824909162,0.699393990827986,A0201,EBV,a52,SITEVECFL,a52 (EBV)
A17B226,BC395,1.81841408008123,0.00325877540718542,A0201,B19,a57,NLLTTPKFT,a57 (B19)
A10B227,BC395,0.0782205083898973,0.939539224046971,A0201,CMV,a58,YLQQNWWTL,a58 (CMV)
A11B227,BC395,0.521137472116935,0.580878850234781,A0201,EBV,a59,ALMLRLLRI,a59 (EBV)
A12B227,BC395,0.488712835140295,0.62338374681359,A0201,HPV,a60,FIPQYLSAV,a60 (HPV)
A10B225,BC395,0.223247332444175,0.857670486916705,A0201,HPV,a61,YLLEMLWRL,a61 (HPV)
A14B227,BC395,0.10633147852676,0.923821988208403,A0201,NWV,a62,AIMDKNIIL,a62 (NWV)
A16B227,BC395,2.90834597217283,4.81368158734783e-8,A0201,HHV-1,a64,KVDDTFYYV,a64 (HHV-1)
A17B227,BC395,0.0968600856838066,0.923821988208403,A0201,EBV,a65,YMLDLQPET,a65 (EBV)
A10B228,BC395,0.655098876173685,0.478695002244207,A0201,CMV,a66,LLLIWFRPV,a66 (CMV)
A11B228,BC395,1.21812508031959,0.0836783543569159,A0201,EBV,a67,SLFNTVATL,a67 (EBV)
A12B228,BC395,0.201538935713686,0.862569473084809,A0301,EBV,v18,RLRAEAQVK,v18 (EBV)
A14B228,BC395,0.587997668896447,0.537201002393662,A0301,CMV,a68,LLWTLVVLL,a68 (CMV)
A16B228,BC395,0.316084584169188,0.77280614779351,A2402,EBV,a69,GLADTVVAC,a69 (EBV)
A17B228,BC395,0.558055612302801,0.562829325003281,A2402,FLU-A,a70,SVRDRLARL,a70 (FLU-A)
A11B225,BC395,0.460206761550864,0.638082884409838,A2402,CMV,a74,RLLGFADTV,a74 (CMV)
A16B229,BC395,0.396880793617362,0.699393990827986,A2402,BKPyV,a77,AITEVECFL,a77 (BKPyV)
A17B229,BC395,0.296023328364186,0.793420913033137,A2402,EBV,a78,MLNIPSINV,a78 (EBV)
A11B230,BC395,0.729220538017445,0.389110025676381,A2402,HPV,a80,SLYNTIATL,a80 (HPV)
A12B224,BC395,0.217397566873474,0.857670486916705,B0702,CMV,v14,TPRVTGGGAM,v14 (CMV)
A11B231,BC395,0.121919366129688,0.923821988208403,B0702,JCPyV,a87,CLTEYILWV,a87 (JCPyV)
A15B231,BC395,2.30580790829063,3.32628764613915e-5,B0801,EBV,v17,RAKFKQLL,v17 (EBV)
A10B232,BC395,1.50373535786836,0.0160284519884301,B0801,CMV,a91,TLLYVLFEV,a91 (CMV)
A11B232,BC395,1.68952023071452,0.00479303703967411,B0801,HIV-1,a92,ALMGAVTSL,a92 (HIV-1)
A10B233,BC395,0.585177970833711,0.537201002393662,B1501,EBV,v40,GQGGSPTAM,v40 (EBV)
A11B233,BC395,1.82245093392816,0.00209703590877407,B2705,EBV,a99,ALSALLTKL,a99 (EBV)
A12B233,BC395,0.848693924503071,0.316328402469996,B2705,EBV,a100,FLTCTDRSV,a100 (EBV)
A14B233,BC395,0.445525892187894,0.671929437839008,B3501,CMV,v35,IPSINVHHY,v35 (CMV)
A15B233,BC395,2.43963019242682,2.04525403707065e-5,B3501,EBV,a102,LLLGTLNIV,a102 (EBV)
A16B233,BC395,0.541935252140199,0.608843184754,B3501,CMV,a103,FLVDAIVRVA,a103 (CMV)
A11B234,BC395,0.0752903885787291,0.939539224046971,B3501,EBV,a106,CVNGSCFTV,a106 (EBV)
A14B234,BC395,0.294603448764802,0.795541914321847,B4001,EBV,a109,TLLDHIRTA,a109 (EBV)
A16B234,BC395,0.239520709210128,0.857670486916705,B4001,CMV,a111,SLPITVYYA,a111 (CMV)
A17B234,BC395,4.42945050427343,3.8289704960569496e-18,C0602,CMV,a112,YLANGGFLI,a112 (CMV)
A10B235,BC395,1.87219377073564,0.00147819770160078,C0702,CMV,a113,FLGAGALAV,a113 (CMV)
A11B235,BC395,1.09557011374901,0.142332699457187,C0702,CMV,a114,MMLRDRWSL,a114 (CMV)
A14B225,BC395,0.64317524736723,0.498796596212467,A0101,Covid-19,ss-a1-31,CTDDNALAYY,ss-a1-31 (Covid-19)
A10B236,BC395,0.175521034156937,0.901315323939824,A0301,Covid-19,ss-a3-9,KCYGVSPTK,ss-a3-9 (Covid-19)
A11B236,BC395,0.857381590739604,0.290902302473665,A0301,Covid-19,ss-a3-12,KTFPPTEPK,ss-a3-12 (Covid-19)
A12B236,BC395,0.884729115202662,0.290902302473665,A2402,Covid-19,ss-a24-31,QYIKWPWYI,ss-a24-31 (Covid-19)
A17B236,BC395,2.99414809724758,2.15436030064755e-8,A0101,hCoV,sh236,"NADYLYFHFY",sh236 (hCoV)
A10B237,BC395,1.57581618212556,0.0100831180647535,A0201,hCoV,sh538,LLNNVSYIV,sh538 (hCoV)
A11B237,BC395,5.46034444348817,6.20530943139061e-26,A0201,hCoV,sh849,LYYQNNVFM,sh849 (hCoV)
A12B237,BC395,5.28785986631428,1.29429478503199e-24,A0201,hCoV,sh503,FLSFKLMGI,sh503 (hCoV)
A15B237,BC395,0.387030777251619,0.699393990827986,A0201,hCoV,sh395,GVLKIVIEL,sh395 (hCoV)
A17B237,BC395,0.380721950620077,0.699393990827986,A0201,hCoV,sh481,YLIAYISFA,sh481 (hCoV)
A10B238,BC395,0.397111042966928,0.699393990827986,A0201,hCoV,sh852,LRIVSSLVL,sh852 (hCoV)
A16B225,BC395,0.0516214694429643,0.948285454496102,B0701,unknown,M2,plate48,M2 (unknown)
A10B232,NTC (H2O),0.062806879219909,0.848390954581859,B0801,CMV,a91,TLLYVLFEV,a91 (CMV)
A19B200,NTC (BCB),0.0548232333397762,0.886071233805137,A0101,CMV,v15,VTEHDTLLY,v15 (CMV)
A16B231,NTC (BCB),0.206790693883332,0.799452574288772,B0801,CMV,v22,ELRRKMMYM,v22 (CMV)
A14B232,NTC (BCB),0.604134517756339,0.646400563150408,B0801,HHV-6B,a95,SLYNTVAVL,a95 (HHV-6B)
A24B200,BC392,3.54346924659955,7.08913676226725e-12,A0201,FLU-A,v3,GILGFVFTL,v3 (FLU-A)
A18B201,BC392,0.0739983363046051,0.932326702057644,A0201,EBV,v6,GLCTLVAML,v6 (EBV)
A19B201,BC392,0.796478670052661,0.360635848135654,A0201,EBV,v10,FLYALALLL,v10 (EBV)
A21B201,BC392,2.05275969961847,4.22261932260213e-4,A0201,EBV,v16,YVLDHLIVV,v16 (EBV)
A22B201,BC392,0.43353087777333,0.588132370676752,A0201,CMV,a46,FLYALALLL,a46 (CMV)
A25B201,BC392,0.986956248306314,0.245586395053979,A0201,EBV,a49,FLGDDPSPA,a49 (EBV)
A10B226,BC392,2.1925066243789,7.94397301830455e-5,A0201,HHV-1,a50,FLGGHVAVA,a50 (HHV-1)
A11B226,BC392,0.718193350818131,0.371241275245998,A0201,VZV,a51,ILMWEAVTL,a51 (VZV)
A12B226,BC392,0.115675784725159,0.893768041009658,A0201,EBV,a52,SITEVECFL,a52 (EBV)
A15B226,BC392,0.842395303803951,0.335365593140672,A0201,VACV,a55,TLGIVCPI,a55 (VACV)
A17B226,BC392,1.72261648088722,0.00541379208116226,A0201,B19,a57,NLLTTPKFT,a57 (B19)
A10B227,BC392,0.0358929399856703,0.94924933840329,A0201,CMV,a58,YLQQNWWTL,a58 (CMV)
A11B227,BC392,0.622645149751568,0.451627017261344,A0201,EBV,a59,ALMLRLLRI,a59 (EBV)
A12B227,BC392,0.137830020986243,0.880096160492,A0201,HPV,a60,FIPQYLSAV,a60 (HPV)
A14B227,BC392,1.00252746640202,0.221804095159649,A0201,NWV,a62,AIMDKNIIL,a62 (NWV)
A16B227,BC392,2.10582274144229,2.13522606046827e-4,A0201,HHV-1,a64,KVDDTFYYV,a64 (HHV-1)
A17B227,BC392,0.544468415016986,0.507426529412769,A0201,EBV,a65,YMLDLQPET,a65 (EBV)
A11B228,BC392,0.322823781521391,0.679418591730458,A0201,EBV,a67,SLFNTVATL,a67 (EBV)
A14B228,BC392,1.08682980304858,0.169807041435681,A0301,CMV,a68,LLWTLVVLL,a68 (CMV)
A17B228,BC392,0.607873080593073,0.463324109312822,A2402,FLU-A,a70,SVRDRLARL,a70 (FLU-A)
A11B225,BC392,0.040014370990894,0.94924933840329,A2402,CMV,a74,RLLGFADTV,a74 (CMV)
A15B229,BC392,0.307634678605288,0.70101136394437,A2402,B19,a76,FMYSDFHFI,a76 (B19)
A16B229,BC392,1.0319441526968,0.211527297857472,A2402,BKPyV,a77,AITEVECFL,a77 (BKPyV)
A17B229,BC392,0.92162715141358,0.281053847754717,A2402,EBV,a78,MLNIPSINV,a78 (EBV)
A10B230,BC392,0.652689729893974,0.447447030224266,A2402,FLU-A,a79,TLDYKPLSV,a79 (FLU-A)
A11B230,BC392,1.11664939452282,0.145797170373055,A2402,HPV,a80,SLYNTIATL,a80 (HPV)
A16B230,BC392,0.874046426378843,0.317223604483346,B0702,EBV,a84,FLTSVINRV,a84 (EBV)
A17B230,BC392,0.137281987851294,0.880096160492,B0702,HHV-2,a85,GLNDYLHSV,a85 (HHV-2)
A15B231,BC392,0.725838990530635,0.369979720710374,B0801,EBV,v17,RAKFKQLL,v17 (EBV)
A10B232,BC392,2.4405851606836,9.15865424870262e-6,B0801,CMV,a91,TLLYVLFEV,a91 (CMV)
A11B232,BC392,2.42024592169423,9.30565084224331e-6,B0801,HIV-1,a92,ALMGAVTSL,a92 (HIV-1)
A12B232,BC392,1.23911276466969,0.0889414645096147,B0801,CMV,a93,SLFNTIATL,a93 (CMV)
A15B232,BC392,0.940795460016261,0.26749416864402,B0801,CMV,a96,LMWYELSKI,a96 (CMV)
A17B232,BC392,0.188299237143854,0.833389636720818,B0801,HAdV-C,a98,ILDDNLYKV,a98 (HAdV-C)
A10B233,BC392,1.25710401428462,0.0848396292064483,B1501,EBV,v40,GQGGSPTAM,v40 (EBV)
A11B233,BC392,2.33624824183356,2.23997964834265e-5,B2705,EBV,a99,ALSALLTKL,a99 (EBV)
A14B233,BC392,1.80197412695327,0.00269297576033773,B3501,CMV,v35,IPSINVHHY,v35 (CMV)
A15B233,BC392,3.7439672441603302,1.2814131657642299e-12,B3501,EBV,a102,LLLGTLNIV,a102 (EBV)
A16B233,BC392,1.83276874811992,0.0026838258775865,B3501,CMV,a103,FLVDAIVRVA,a103 (CMV)
A11B234,BC392,0.483789861019641,0.544122958126726,B3501,EBV,a106,CVNGSCFTV,a106 (EBV)
A14B234,BC392,0.759874623966772,0.369979720710374,B4001,EBV,a109,TLLDHIRTA,a109 (EBV)
A16B234,BC392,0.411791832726272,0.59222920117606,B4001,CMV,a111,SLPITVYYA,a111 (CMV)
A17B234,BC392,3.74252602504337,1.02893657932025e-12,C0602,CMV,a112,YLANGGFLI,a112 (CMV)
A10B235,BC392,1.15654987590975,0.121553669147078,C0702,CMV,a113,FLGAGALAV,a113 (CMV)
A11B235,BC392,1.22298220818207,0.0889414645096147,C0702,CMV,a114,MMLRDRWSL,a114 (CMV)
A16B235,BC392,0.389636903190757,0.617848621820213,A0201,Covid-19,ss-a2-57,LLLDRLNQL,ss-a2-57 (Covid-19)
A11B236,BC392,0.504556231532345,0.536816083204935,A0301,Covid-19,ss-a3-12,KTFPPTEPK,ss-a3-12 (Covid-19)
A12B236,BC392,0.610588359424296,0.451861324992558,A2402,Covid-19,ss-a24-31,QYIKWPWYI,ss-a24-31 (Covid-19)
A15B224,BC392,0.174092638991515,0.833389636720818,B0702,Covid-19,ss-b7-6,IPRRNVATL,ss-b7-6 (Covid-19)
A16B236,BC392,0.012858139997979,0.953732362338496,A0101,hCoV,sh238,LLEVSVCQY,sh238 (hCoV)
A17B236,BC392,0.452694003196903,0.584127270913182,A0101,hCoV,sh236,"NADYLYFHFY",sh236 (hCoV)
A10B237,BC392,0.42616513957448,0.588132370676752,A0201,hCoV,sh538,LLNNVSYIV,sh538 (hCoV)
A11B237,BC392,0.810669205295095,0.335365593140672,A0201,hCoV,sh849,LYYQNNVFM,sh849 (hCoV)
A12B237,BC392,0.0481203170654302,0.94924933840329,A0201,hCoV,sh503,FLSFKLMGI,sh503 (hCoV)
A17B237,BC392,0.120903697705001,0.889796800670224,A0201,hCoV,sh481,YLIAYISFA,sh481 (hCoV)
A16B225,BC392,0.514363180579784,0.536816083204935,B0701,unknown,M2,plate48,M2 (unknown)
